_id,status,expertId,createdAt,updatedAt,receivedAt
6564ae1bddcee07998d010ca,hidden,6564a618ddcee07998d010c2,2023-10-27 00:00:00,2023-11-27,2023-11-27
652904cd5b0ddd07d925bf54,sent,65140970752b341f180e8f67,13/010/2023,2023-10-13,
65252a045b0ddd07d925b606,shown,64b553945b32d14c2c8da9a9,10/010/2023,2023-10-13,2023-10-12
652529dc5b0ddd07d925b605,sent,64b553945b32d14c2c8da9a9,10/010/2023,2023-10-10,
652529b45b0ddd07d925b604,sent,64b553945b32d14c2c8da9a9,10/010/2023,2023-10-10,
6525299b5b0ddd07d925b603,sent,64b553945b32d14c2c8da9a9,10/010/2023,2023-10-10,
652529605b0ddd07d925b602,sent,64b553945b32d14c2c8da9a9,10/010/2023,2023-10-10,
652529105b0ddd07d925b601,sent,64b553945b32d14c2c8da9a9,10/010/2023,2023-10-10,
652528a45b0ddd07d925b600,shown,64b553945b32d14c2c8da9a9,10/010/2023,2023-10-10,2023-10-10
6523ca3b5b0ddd07d925b120,sent,64b553945b32d14c2c8da9a9,09/010/2023,2023-10-09,
6523c44d5b0ddd07d925b11f,sent,64b553945b32d14c2c8da9a9,09/010/2023,2023-10-09,
6523c4315b0ddd07d925b11e,sent,64b553945b32d14c2c8da9a9,09/010/2023,2023-10-09,
6523c3fa5b0ddd07d925b11d,shown,64b553945b32d14c2c8da9a9,09/010/2023,2023-10-20,2023-10-20
6523c3c05b0ddd07d925b11c,sent,64b553945b32d14c2c8da9a9,09/010/2023,2023-10-09,
6523c3765b0ddd07d925b11b,sent,64b553945b32d14c2c8da9a9,09/010/2023,2023-10-09,
6523c3345b0ddd07d925b11a,sent,64b553945b32d14c2c8da9a9,09/010/2023,2023-10-09,
65200b78d2ebbd6640a83c2d,sent,64b553945b32d14c2c8da9a9,06/010/2023,2023-10-06,
65200b65d2ebbd6640a83c2c,sent,64b553945b32d14c2c8da9a9,06/010/2023,2023-10-06,
65200b4fd2ebbd6640a83c2b,sent,64b553945b32d14c2c8da9a9,06/010/2023,2023-10-06,
65200b2dd2ebbd6640a83c29,sent,64b553945b32d14c2c8da9a9,06/010/2023,2023-10-06,
65200a0fd2ebbd6640a83c20,sent,64b553945b32d14c2c8da9a9,06/010/2023,2023-10-06,
652009f2d2ebbd6640a83c1e,sent,64b553945b32d14c2c8da9a9,06/010/2023,2023-10-06,
651c16aed2ebbd6640a82d69,sent,64b553945b32d14c2c8da9a9,03/010/2023,2023-10-03,
651c15e8d2ebbd6640a82d64,sent,64b553945b32d14c2c8da9a9,03/010/2023,2023-10-03,
651c15b9d2ebbd6640a82d60,sent,64b553945b32d14c2c8da9a9,03/010/2023,2023-10-03,
651c10c3d2ebbd6640a82d3f,sent,64b553945b32d14c2c8da9a9,03/010/2023,2023-10-03,
651c1092d2ebbd6640a82d3e,sent,64b553945b32d14c2c8da9a9,03/010/2023,2023-10-03,
651c1055d2ebbd6640a82d3c,sent,64b553945b32d14c2c8da9a9,03/010/2023,2023-10-03,
651c1040d2ebbd6640a82d3b,sent,64b553945b32d14c2c8da9a9,03/010/2023,2023-10-03,
651c1021d2ebbd6640a82d3a,sent,64b553945b32d14c2c8da9a9,03/010/2023,2023-10-03,
651c0f2ed2ebbd6640a82d35,sent,64b553945b32d14c2c8da9a9,03/010/2023,2023-10-03,
651c0c82d2ebbd6640a82d25,sent,64b553945b32d14c2c8da9a9,03/010/2023,2023-10-03,
651c0bf8d2ebbd6640a82d22,shown,64b553945b32d14c2c8da9a9,03/010/2023,2023-10-06,2023-10-03
651c0b2ad2ebbd6640a82d20,hidden,64b553945b32d14c2c8da9a9,03/010/2023,2023-10-16,2023-10-16
651c0a9fd2ebbd6640a82d1b,sent,64b553945b32d14c2c8da9a9,03/010/2023,2023-10-03,
651c0672d2ebbd6640a82d01,sent,64b553945b32d14c2c8da9a9,03/010/2023,2023-10-03,
651c0638d2ebbd6640a82cff,shown,64b553945b32d14c2c8da9a9,03/010/2023,2023-10-06,2023-10-03
651c05e2d2ebbd6640a82cfe,sent,64b553945b32d14c2c8da9a9,03/010/2023,2023-10-03,
651c05cfd2ebbd6640a82cfd,shown,64b553945b32d14c2c8da9a9,03/010/2023,2023-10-09,2023-10-09
651c05b5d2ebbd6640a82cfc,shown,64b553945b32d14c2c8da9a9,03/010/2023,2023-10-06,2023-10-03
651c0566d2ebbd6640a82cfb,shown,64b553945b32d14c2c8da9a9,03/010/2023,2023-10-06,2023-10-03
6517e28dd2ebbd6640a8216a,hidden,65128b6490c59951daf90f77,2023-09-30 00:00:00,2023-09-30,2023-09-30
65153936752b341f180e928e,shown,65128b6490c59951daf90f77,2023-09-28 00:00:00,2023-09-30,2023-09-29
651538dd752b341f180e928d,sent,65128b6490c59951daf90f77,2023-09-28 00:00:00,2023-09-28,
64edb73c88afda3cddd6f13d,hidden,645e30ffa922c97c7e75b476,2023-08-29 00:00:00,2023-08-30,2023-08-30
64ad3b77ff87447529522001,sent,648c5666bf50bf6e8c8e4aad,2023-07-11 00:00:00,2023-07-11,
64ad3b4aff87447529522000,sent,648c5666bf50bf6e8c8e4aad,2023-07-11 00:00:00,2023-07-11,
64917314be132659d9fe2248,sent,64916a32be132659d9fe2206,2023-06-20 00:00:00,2023-06-20,
649172a3be132659d9fe2245,shown,64916a32be132659d9fe2206,2023-06-20 00:00:00,2023-09-01,2023-09-01
6482df91dc1d565aa6019628,sent,63f351bfbe74f3780363bc0c,2023-06-09 00:00:00,2023-06-09,
6482df38dc1d565aa6019626,shown,63f351bfbe74f3780363bc0c,2023-06-09 00:00:00,2023-06-13,2023-06-13
6482de88dc1d565aa6019609,shown,63f351bfbe74f3780363bc0c,2023-06-09 00:00:00,2023-06-12,2023-06-11
6482de50dc1d565aa6019607,sent,63f351bfbe74f3780363bc0c,2023-06-09 00:00:00,2023-06-09,
646cb5eade81f4250f635346,shown,646b80357818b449e7ace48f,2023-05-23 00:00:00,2023-05-25,2023-05-25
646c8586de81f4250f635311,shown,646b80357818b449e7ace48f,2023-05-23 00:00:00,2023-05-23,2023-05-23
646b67cb7818b449e7ace451,shown,645271a58eb450085c3327c2,2023-05-22 00:00:00,2023-05-29,2023-05-26
6464cab07818b449e7acd9a2,sent,645e30ffa922c97c7e75b476,2023-05-17 00:00:00,2023-05-17,
6464ca2d7818b449e7acd9a1,hidden,645e30ffa922c97c7e75b476,2023-05-17 00:00:00,2023-09-04,2023-09-04
6464c6db7818b449e7acd99d,shown,645e30ffa922c97c7e75b476,2023-05-17 00:00:00,2023-05-29,2023-05-29
6464c66f7818b449e7acd99c,sent,645e30ffa922c97c7e75b476,2023-05-17 00:00:00,2023-05-17,
6464c5937818b449e7acd995,shown,645e30ffa922c97c7e75b476,2023-05-17 00:00:00,2023-05-30,2023-05-30
645275568eb450085c3327cd,shown,645271a58eb450085c3327c2,2023-05-03 00:00:00,2023-05-10,2023-05-10
645274f28eb450085c3327cc,sent,645271a58eb450085c3327c2,2023-05-03 00:00:00,2023-05-03,
645274a78eb450085c3327ca,shown,645271a58eb450085c3327c2,2023-05-03 00:00:00,2023-05-16,2023-05-16
644be3ff8eb450085c331ef9,hidden,644bd3498eb450085c331ebc,2023-04-28 00:00:00,2023-05-14,2023-05-14
644be2bf8eb450085c331ef6,shown,644bd3498eb450085c331ebc,2023-04-28 00:00:00,2023-05-02,2023-04-28
644be21d8eb450085c331ef4,shown,644bd3498eb450085c331ebc,2023-04-28 00:00:00,2023-05-04,2023-05-03
644be10a8eb450085c331ee6,sent,644bd3498eb450085c331ebc,2023-04-28 00:00:00,2023-04-28,
644be0d98eb450085c331ee4,shown,644bd3498eb450085c331ebc,2023-04-28 00:00:00,2023-05-02,2023-05-02
641c165dd09d560320d2a972,sent,63f788217eeabc22ed2a0e41,2023-03-23 00:00:00,2023-03-23,
6419a92bd09d560320d2a6cd,sent,640777e0ad121b1000e28f1e,2023-03-21 00:00:00,2023-03-21,
64134e4343068357ef8426b9,hidden,641343ef43068357ef8426b0,2023-03-16 00:00:00,2023-03-17,2023-03-17
6409f905ad121b1000e29517,shown,6409e1f4ad121b1000e2945c,2023-03-09 00:00:00,2023-03-14,2023-03-10
6409f899ad121b1000e29516,shown,6409e1f4ad121b1000e2945c,2023-03-09 00:00:00,2023-03-14,2023-03-13
6408c66cad121b1000e2919d,sent,61f1afaf686cce77cc835b2f,2023-03-08 00:00:00,2023-03-08,
6408c515ad121b1000e2919b,shown,61f1afaf686cce77cc835b2f,2023-03-08 00:00:00,2023-03-13,2023-03-11
6408c4b4ad121b1000e2919a,sent,61f1afaf686cce77cc835b2f,2023-03-08 00:00:00,2023-03-08,
6408c480ad121b1000e29199,shown,61f1afaf686cce77cc835b2f,2023-03-08 00:00:00,2023-03-13,2023-03-10
64077d69ad121b1000e28f2a,sent,640777e0ad121b1000e28f1e,2023-03-07 00:00:00,2023-03-07,
64060de5ad121b1000e28cad,hidden,63eb98e8c21e125db591c8ee,2023-03-06 00:00:00,2023-03-08,2023-03-08
64060da7ad121b1000e28ca7,sent,63eb98e8c21e125db591c8ee,2023-03-06 00:00:00,2023-03-06,
64060d71ad121b1000e28ca6,sent,63eb98e8c21e125db591c8ee,2023-03-06 00:00:00,2023-03-06,
6400c81e410cf44bb0d4bfae,shown,5e7615e8db8f357c02646146,2023-03-02 00:00:00,2023-03-02,2023-03-02
63fef77d410cf44bb0d4bd24,shown,63fc71f0bfac3a0e3d41bc16,2023-03-01 00:00:00,2023-03-08,2023-03-01
63fcafb49409a015887023b4,sent,601086106f28ac167974bb87,2023-02-27 00:00:00,2023-02-27,
63fb83617eeabc22ed2a1bb5,sent,63fb82b27eeabc22ed2a1bb2,2023-02-26 00:00:00,2023-02-26,
63f77d6c7eeabc22ed2a0e22,shown,63f61ddceae8bb0eff624f88,2023-02-23 00:00:00,2023-02-27,2023-02-24
63f77d297eeabc22ed2a0e21,shown,63f61ddceae8bb0eff624f88,2023-02-23 00:00:00,2023-02-23,2023-02-23
63f5e88d3679985c6148ad15,hidden,63416fafd66fef54e03badc7,2023-02-22 00:00:00,2023-02-22,2023-02-22
63f5e59a3679985c6148acf3,shown,63416fafd66fef54e03badc7,2023-02-22 00:00:00,2023-02-23,2023-02-22
63f5e5593679985c6148acf2,shown,63416fafd66fef54e03badc7,2023-02-22 00:00:00,2023-02-22,2023-02-22
63f384debe74f3780363bcdf,shown,63f37db6be74f3780363bcc1,2023-02-20 00:00:00,2023-02-25,2023-02-25
63f3844bbe74f3780363bcde,shown,63f37db6be74f3780363bcc1,2023-02-20 00:00:00,2023-02-21,2023-02-20
63f382bebe74f3780363bcd9,shown,63f37db6be74f3780363bcc1,2023-02-20 00:00:00,2023-02-21,2023-02-21
63e5f85a79991a5c33ff6830,sent,63e54bb779991a5c33ff6787,2023-02-10 00:00:00,2023-02-10,
63e50de279991a5c33ff672f,sent,63e4c62e79991a5c33ff664e,2023-02-09 00:00:00,2023-02-09,
63e50ccf79991a5c33ff671c,shown,63e4c62e79991a5c33ff664e,2023-02-09 00:00:00,2023-02-24,2023-02-24
63e50ca179991a5c33ff6718,sent,63e4c62e79991a5c33ff664e,2023-02-09 00:00:00,2023-02-09,
63e50c7179991a5c33ff670f,shown,63e4c62e79991a5c33ff664e,2023-02-09 00:00:00,2023-02-24,2023-02-18
63e50c2d79991a5c33ff6708,shown,63e4c62e79991a5c33ff664e,2023-02-09 00:00:00,2023-02-10,2023-02-09
63e25b850836560f1873865b,hidden,63a42bca783ece5a08668f08,2023-02-07 00:00:00,2023-02-15,2023-02-15
63e25b300836560f1873865a,sent,63a42bca783ece5a08668f08,2023-02-07 00:00:00,2023-02-07,
63cfe5353d805d489fa38c85,sent,63cfe3f73d805d489fa38c80,2023-01-24 00:00:00,2023-01-24,
63ce554ae4ad45260849a7e1,hidden,63ca9fbae4ad45260849a4ce,2023-01-23 00:00:00,2023-02-01,2023-02-01
63cdaf92e4ad45260849a6e7,sent,63caf640e4ad45260849a522,2023-01-22 00:00:00,2023-01-22,
63b3f23f783ece5a0866a0d2,sent,638f506066eff2145f4f2cbe,2023-01-03 00:00:00,2023-01-03,
63b3f171783ece5a0866a0cd,sent,63a9da80783ece5a08669523,2023-01-03 00:00:00,2023-01-03,
63b3f0e9783ece5a0866a0c5,sent,63a9da80783ece5a08669523,2023-01-03 00:00:00,2023-01-03,
63aafbb2783ece5a08669685,sent,628724ad8cd3654f46459a77,2022-11-27 00:00:00,2022-12-27,
63aafad5783ece5a08669681,sent,628724ad8cd3654f46459a77,2022-11-27 00:00:00,2022-12-27,
6399c42267f15f7b71c87127,sent,6399c09d67f15f7b71c87124,2022-11-14 00:00:00,2022-12-14,
6399c40867f15f7b71c87126,hidden,6399c09d67f15f7b71c87124,2022-11-14 00:00:00,2022-12-14,2022-12-14
6399c3e367f15f7b71c87125,sent,6399c09d67f15f7b71c87124,2022-11-14 00:00:00,2022-12-14,
6389ebc1d10d072727c11c4a,shown,6389df36d10d072727c11c2b,2022-11-02 00:00:00,2022-12-02,2022-12-02
6389eb43d10d072727c11c49,sent,6389df36d10d072727c11c2b,2022-11-02 00:00:00,2022-12-02,
6389ea82d10d072727c11c48,sent,6389df36d10d072727c11c2b,2022-11-02 00:00:00,2022-12-02,
637e40725611a441750a5bc0,sent,637e33d25611a441750a5baf,2022-10-23 00:00:00,2022-11-23,
637bc6f65611a441750a58fb,sent,628724ad8cd3654f46459a77,2022-10-21 00:00:00,2022-11-21,
637bc6b75611a441750a58fa,sent,628724ad8cd3654f46459a77,2022-10-21 00:00:00,2022-11-21,
637bc6955611a441750a58f9,sent,628724ad8cd3654f46459a77,2022-10-21 00:00:00,2022-11-21,
63664f9a63803607b5161f28,sent,6364ec5c63803607b5161db8,2022-10-05 00:00:00,2022-11-05,
63664e8163803607b5161f27,sent,6364ec5c63803607b5161db8,2022-10-05 00:00:00,2022-11-05,
6362438a623eed76be046435,hidden,63565b030fd435728656c7fc,2022-10-02 00:00:00,2022-11-04,2022-11-04
6357f15c623eed76be0459ec,shown,62553ef6a6a5e0544be60949,25/010/2022,2022-11-02,2022-10-25
635286b10fd435728656c507,sent,6346870e0fd435728656b828,21/010/2022,2022-10-21,
634fc6be0fd435728656c1e5,sent,6331c33b86a6612f5c1fee83,19/010/2022,2022-10-19,
633a7fb2a473c11f43214750,sent,62553ef6a6a5e0544be60949,03/010/2022,2022-10-03,
6333132fa473c11f43213d6f,hidden,632acb1422d1f03a8a691dcf,2022-09-27 00:00:00,2022-09-27,2022-09-27
632da5b886a6612f5c1fe9ab,sent,631b522954f3b47232b1fafe,2022-09-23 00:00:00,2022-09-23,
632da59f86a6612f5c1fe9a9,hidden,631b522954f3b47232b1fafe,2022-09-23 00:00:00,2022-09-26,2022-09-26
632da59186a6612f5c1fe9a8,sent,631b522954f3b47232b1fafe,2022-09-23 00:00:00,2022-09-23,
6321811dd3f42949047def60,sent,6321702f17c00b0d682ddf06,2022-09-14 00:00:00,2022-09-14,
6320a12517c00b0d682dde2e,sent,6320906e17c00b0d682dddf9,2022-09-13 00:00:00,2022-09-13,
63209fd917c00b0d682dde28,sent,6320906e17c00b0d682dddf9,2022-09-13 00:00:00,2022-09-13,
63209fa417c00b0d682dde27,shown,6320906e17c00b0d682dddf9,2022-09-13 00:00:00,2022-09-13,2022-09-13
63209f7e17c00b0d682dde25,sent,6320906e17c00b0d682dddf9,2022-09-13 00:00:00,2022-09-13,
63209eb017c00b0d682dde24,sent,6320906e17c00b0d682dddf9,2022-09-13 00:00:00,2022-09-13,
63209e8117c00b0d682dde23,sent,6320906e17c00b0d682dddf9,2022-09-13 00:00:00,2022-09-13,
63209e4e17c00b0d682dde22,sent,6320906e17c00b0d682dddf9,2022-09-13 00:00:00,2022-09-13,
6320995217c00b0d682dde1c,sent,6320906e17c00b0d682dddf9,2022-09-13 00:00:00,2022-09-13,
632098c217c00b0d682dde19,shown,6320906e17c00b0d682dddf9,2022-09-13 00:00:00,2022-09-15,2022-09-14
6320984517c00b0d682dde18,sent,6320906e17c00b0d682dddf9,2022-09-13 00:00:00,2022-09-13,
632097f317c00b0d682dde17,sent,6320906e17c00b0d682dddf9,2022-09-13 00:00:00,2022-09-13,
632097c917c00b0d682dde16,sent,6320906e17c00b0d682dddf9,2022-09-13 00:00:00,2022-09-13,
632097a517c00b0d682dde14,hidden,6320906e17c00b0d682dddf9,2022-09-13 00:00:00,2022-09-21,2022-09-21
6320977017c00b0d682dde13,sent,6320906e17c00b0d682dddf9,2022-09-13 00:00:00,2022-09-13,
632096d217c00b0d682dde11,sent,6320906e17c00b0d682dddf9,2022-09-13 00:00:00,2022-09-13,
632096b417c00b0d682dde10,sent,6320906e17c00b0d682dddf9,2022-09-13 00:00:00,2022-09-13,
6320969117c00b0d682dde0b,sent,6320906e17c00b0d682dddf9,2022-09-13 00:00:00,2022-09-13,
6320965517c00b0d682dde0a,shown,6320906e17c00b0d682dddf9,2022-09-13 00:00:00,2022-09-15,2022-09-15
63201c1854f3b47232b20016,hidden,613ddc2624bf9a154545bfbf,2022-09-13 00:00:00,2022-11-02,2022-11-02
63201c0354f3b47232b20015,sent,613ddc2624bf9a154545bfbf,2022-09-13 00:00:00,2022-09-13,
631a0088e6c71320d87ce218,hidden,6319f982e6c71320d87ce202,2022-09-08 00:00:00,2022-09-09,2022-09-09
631a005fe6c71320d87ce217,sent,6319f982e6c71320d87ce202,2022-09-08 00:00:00,2022-09-08,
631896d6e6c71320d87cdfd7,sent,631777e06977227acbbbecc0,2022-09-07 00:00:00,2022-09-07,
6315c3e66977227acbbbea50,hidden,5e2ef5e47ba2f4719ceb4c78,2022-09-05 00:00:00,2022-09-05,2022-09-05
6305e46647b68d445cd214e4,sent,6304abf647b68d445cd21392,2022-08-24 00:00:00,2022-08-24,
62ff835547b68d445cd20f53,sent,62ff82b147b68d445cd20f52,2022-08-19 00:00:00,2022-08-19,
62fcc5aa47b68d445cd20d26,shown,62d94a08f5e6794d89e1dd6e,2022-08-17 00:00:00,2023-01-23,2022-08-17
62ecea6481c5e7100419ecf2,shown,609eafbc2fd32b1293153d3d,2022-08-05 00:00:00,2022-09-15,2022-09-15
62ebd33b81c5e7100419ec3c,sent,609eafbc2fd32b1293153d3d,2022-08-04 00:00:00,2022-08-04,
62e3f70eda1b4c117df1047b,shown,62e2b981da1b4c117df10374,2022-07-29 00:00:00,2022-07-29,2022-07-29
62e3f5deda1b4c117df10477,sent,62e2b981da1b4c117df10374,2022-07-29 00:00:00,2022-07-29,
62e3f41eda1b4c117df10475,shown,62e2b981da1b4c117df10374,2022-07-29 00:00:00,2022-07-29,2022-07-29
62e3f30cda1b4c117df1046f,shown,62e2b981da1b4c117df10374,2022-07-29 00:00:00,2022-07-29,2022-07-29
62e3f028da1b4c117df10464,shown,62e2b981da1b4c117df10374,2022-07-29 00:00:00,2022-07-29,2022-07-29
62e3efffda1b4c117df10463,shown,62e2b981da1b4c117df10374,2022-07-29 00:00:00,2022-07-29,2022-07-29
62dcf939f5e6794d89e1e191,hidden,62dcecedf5e6794d89e1e18a,2022-07-24 00:00:00,2022-07-24,2022-07-24
62cd2f30c43a1c07852b7170,shown,62c2d07d03f9d052cb43fe42,2022-07-12 00:00:00,2022-07-12,2022-07-12
62c349de03f9d052cb43feda,sent,609eafbc2fd32b1293153d3d,2022-07-04 00:00:00,2022-07-04,
62c3490103f9d052cb43fed9,sent,609eafbc2fd32b1293153d3d,2022-07-04 00:00:00,2022-07-04,
62c3484203f9d052cb43fed6,sent,609eafbc2fd32b1293153d3d,2022-07-04 00:00:00,2022-07-04,
62c347f403f9d052cb43fed5,sent,609eafbc2fd32b1293153d3d,2022-07-04 00:00:00,2022-07-04,
62c347dd03f9d052cb43fed4,sent,609eafbc2fd32b1293153d3d,2022-07-04 00:00:00,2022-07-04,
62b9cf02b92b4e1a8ec36a88,sent,609eafbc2fd32b1293153d3d,2022-06-27 00:00:00,2022-06-27,
62b5ce16b92b4e1a8ec36764,shown,609eafbc2fd32b1293153d3d,2022-06-24 00:00:00,2022-06-29,2022-06-29
628c88578cd3654f46459fda,sent,628c848a8cd3654f46459fcf,2022-05-24 00:00:00,2022-05-24,
628725c28cd3654f46459a78,sent,628724ad8cd3654f46459a77,2022-05-20 00:00:00,2022-05-20,
627be67ef655943d90a636e6,shown,62581f77a6a5e0544be60c22,2022-05-11 00:00:00,2022-05-12,2022-05-11
62692a9f79fa1b558dd9838e,sent,6267a4c7dbfdea3ee421f3ec,2022-04-27 00:00:00,2022-04-28,2022-04-28
626929e179fa1b558dd9838c,sent,6267a4c7dbfdea3ee421f3ec,2022-04-27 00:00:00,2022-04-27,
626929c679fa1b558dd9838b,shown,6267a4c7dbfdea3ee421f3ec,2022-04-27 00:00:00,2022-05-05,2022-05-05
6268fcf3e78e047aff451539,shown,623477379bdf0c49877f8994,2022-04-27 00:00:00,2022-04-29,2022-04-28
6267f7ade78e047aff4513e6,sent,62655afe14c13d7d18f8a0f7,2022-04-26 00:00:00,2022-04-26,
625d68b7a6a5e0544be60ed1,sent,623366cf9bdf0c49877f88e9,2022-04-18 00:00:00,2022-04-18,
625d687ea6a5e0544be60ed0,sent,623366cf9bdf0c49877f88e9,2022-04-18 00:00:00,2022-04-18,
625d6854a6a5e0544be60ece,sent,623366cf9bdf0c49877f88e9,2022-04-18 00:00:00,2022-04-18,
625d6830a6a5e0544be60ecd,sent,623366cf9bdf0c49877f88e9,2022-04-18 00:00:00,2022-04-18,
625d67fba6a5e0544be60ecc,sent,623366cf9bdf0c49877f88e9,2022-04-18 00:00:00,2022-04-18,
625d6017a6a5e0544be60eca,sent,623366cf9bdf0c49877f88e9,2022-04-18 00:00:00,2022-04-18,
62581ccfa6a5e0544be60c1f,sent,623477379bdf0c49877f8994,2022-04-14 00:00:00,2022-04-14,
62581ca3a6a5e0544be60c1e,shown,623477379bdf0c49877f8994,2022-04-14 00:00:00,2022-05-02,2022-05-02
6257e947a6a5e0544be60bf6,sent,62553ef6a6a5e0544be60949,2022-04-14 00:00:00,2022-04-14,
62569155a6a5e0544be60ae5,sent,62553ef6a6a5e0544be60949,2022-04-13 00:00:00,2022-04-13,
62554ebba6a5e0544be60981,sent,62553ef6a6a5e0544be60949,2022-04-12 00:00:00,2022-04-12,
62554e98a6a5e0544be60980,sent,62553ef6a6a5e0544be60949,2022-04-12 00:00:00,2022-04-12,
62554e7ea6a5e0544be6097f,sent,62553ef6a6a5e0544be60949,2022-04-12 00:00:00,2022-04-12,
62456452c60bd00898a38866,sent,619b721e350329481522a23a,2022-03-31 00:00:00,2022-03-31,
62456418c60bd00898a38865,sent,619b721e350329481522a23a,2022-03-31 00:00:00,2022-03-31,
624563fbc60bd00898a38863,sent,619b721e350329481522a23a,2022-03-31 00:00:00,2022-03-31,
624563d0c60bd00898a38862,sent,619b721e350329481522a23a,2022-03-31 00:00:00,2022-03-31,
624563c6c60bd00898a38861,hidden,619b721e350329481522a23a,2022-03-31 00:00:00,2022-03-31,2022-03-31
623b39e48135b2295c13fed1,sent,623ae9d88135b2295c13fe51,2022-03-23 00:00:00,2022-03-23,
62207b7a240f4e2730b14bfd,sent,621cb0cc240f4e2730b148f2,2022-03-03 00:00:00,2022-03-03,
62207b18240f4e2730b14bfc,sent,621cb0cc240f4e2730b148f2,2022-03-03 00:00:00,2022-03-03,
6217b946240f4e2730b1441d,hidden,62179818240f4e2730b143f0,2022-02-24 00:00:00,2022-02-24,2022-02-24
6214ac0f240f4e2730b14186,shown,621374f4240f4e2730b1407e,2022-02-22 00:00:00,2022-02-22,2022-02-22
6214abc3240f4e2730b14185,shown,621374f4240f4e2730b1407e,2022-02-22 00:00:00,2022-02-22,2022-02-22
6213ac31240f4e2730b140d4,sent,61e595e841979a0867313cde,2022-02-21 00:00:00,2022-02-21,
6211444c40cc3e4bf3044387,sent,609eafbc2fd32b1293153d3d,2022-02-19 00:00:00,2022-02-19,
62080d0495e32c4827f9bf02,shown,5e3072f27ba2f4719ceb4d90,2022-02-12 00:00:00,2022-02-14,2022-02-14
61eecc9e41979a0867314319,sent,619b721e350329481522a23a,2022-01-24 00:00:00,2022-01-24,
61eecbe841979a0867314318,sent,619b721e350329481522a23a,2022-01-24 00:00:00,2022-01-24,
61ed382341979a08673141bf,hidden,61ed298d41979a08673141bd,2022-01-23 00:00:00,2022-01-24,2022-01-24
61e952cc41979a0867313fd3,sent,61963a1b3503294815229f9f,2022-01-20 00:00:00,2022-01-20,
61e9529d41979a0867313fd2,sent,61963a1b3503294815229f9f,2022-01-20 00:00:00,2022-01-20,
61e9527b41979a0867313fd1,sent,61963a1b3503294815229f9f,2022-01-20 00:00:00,2022-01-20,
61e9523c41979a0867313fd0,shown,61963a1b3503294815229f9f,2022-01-20 00:00:00,2022-01-22,2022-01-22
61e9522441979a0867313fcf,sent,61963a1b3503294815229f9f,2022-01-20 00:00:00,2022-01-20,
61e9520d41979a0867313fce,shown,61963a1b3503294815229f9f,2022-01-20 00:00:00,2022-02-04,2022-02-03
61c1ff40c9f6ca32ad4fdfaa,sent,5eb95692e1feb14ac570a26c,2021-11-21 00:00:00,2021-12-21,
61bf672f2314dc0c6f4ae465,sent,5e99800be1feb14ac5708ac6,2021-11-19 00:00:00,2021-12-19,
61bf65eb2314dc0c6f4ae464,sent,5e99800be1feb14ac5708ac6,2021-11-19 00:00:00,2021-12-19,
61b32c062314dc0c6f4adc97,shown,61a74df32314dc0c6f4ad31b,2021-11-10 00:00:00,2021-12-13,2021-12-13
61b328ae2314dc0c6f4adc94,sent,61a74df32314dc0c6f4ad31b,2021-11-10 00:00:00,2021-12-10,
61ae71062314dc0c6f4ad7f6,sent,5e3072f27ba2f4719ceb4d90,2021-11-06 00:00:00,2021-12-06,
61ae0fe22314dc0c6f4ad7a3,shown,61a74df32314dc0c6f4ad31b,2021-11-06 00:00:00,2021-12-08,2021-12-08
61ade0722314dc0c6f4ad759,shown,61a74df32314dc0c6f4ad31b,2021-11-06 00:00:00,2021-12-06,2021-12-06
61addec42314dc0c6f4ad754,shown,61a74df32314dc0c6f4ad31b,2021-11-06 00:00:00,2021-12-13,2021-12-10
61adde622314dc0c6f4ad752,shown,61a74df32314dc0c6f4ad31b,2021-11-06 00:00:00,2021-12-06,2021-12-06
61addc702314dc0c6f4ad74d,sent,61a74df32314dc0c6f4ad31b,2021-11-06 00:00:00,2021-12-06,
61addc1c2314dc0c6f4ad74c,sent,61a74df32314dc0c6f4ad31b,2021-11-06 00:00:00,2021-12-06,
61a685262314dc0c6f4ad245,sent,5e3072f27ba2f4719ceb4d90,2021-10-30 00:00:00,2021-11-30,
619b5f39350329481522a22e,sent,600c33526f28ac167974ba8e,2021-10-22 00:00:00,2021-11-22,
617ea4b88ffce508636e0781,sent,614318ec24bf9a154545c3d5,31/010/2021,2021-10-31,
617c65ae8ffce508636e0699,sent,617c26528ffce508636e067a,29/010/2021,2021-10-29,
617c64888ffce508636e0698,sent,617c26528ffce508636e067a,29/010/2021,2021-10-29,
617c64248ffce508636e0697,sent,617c26528ffce508636e067a,29/010/2021,2021-10-29,
617c63648ffce508636e0695,shown,617c26528ffce508636e067a,29/010/2021,2021-10-30,2021-10-30
617c63108ffce508636e0694,shown,617c26528ffce508636e067a,29/010/2021,2021-10-31,2021-10-31
61795960db8a080f37bd15a1,sent,5bc4a282f1543204a60cb0bd,27/010/2021,2021-10-27,
61780839db8a080f37bd14f0,shown,6065c4c0c44cfd5b8e6c6724,26/010/2021,2021-11-03,2021-11-03
6172c832db8a080f37bd1099,sent,614318ec24bf9a154545c3d5,22/010/2021,2021-10-22,
6172c817db8a080f37bd1098,sent,614318ec24bf9a154545c3d5,22/010/2021,2021-10-22,
6172c7f6db8a080f37bd1097,sent,614318ec24bf9a154545c3d5,22/010/2021,2021-10-22,
6172c7dedb8a080f37bd1096,sent,614318ec24bf9a154545c3d5,22/010/2021,2021-10-22,
6172c7c4db8a080f37bd1095,shown,614318ec24bf9a154545c3d5,22/010/2021,2021-10-23,2021-10-22
617278b4db8a080f37bd103e,sent,615804cf24bf9a154545d153,22/010/2021,2021-10-22,
61671902772fd30831cfec81,sent,61670640772fd30831cfec7a,13/010/2021,2021-10-13,
615d76068285f9631bc2daf0,sent,615d4fe88285f9631bc2da93,06/010/2021,2021-10-06,
615d743f8285f9631bc2daef,sent,615d4fe88285f9631bc2da93,06/010/2021,2021-10-06,
615d73818285f9631bc2daee,shown,615d4fe88285f9631bc2da93,06/010/2021,2021-10-06,2021-10-06
615d72d28285f9631bc2daed,sent,615d4fe88285f9631bc2da93,06/010/2021,2021-10-06,
615d72408285f9631bc2daec,sent,615d4fe88285f9631bc2da93,06/010/2021,2021-10-06,
615d71178285f9631bc2daeb,shown,615d4fe88285f9631bc2da93,06/010/2021,2021-10-28,2021-10-11
615d70398285f9631bc2dae9,shown,615d4fe88285f9631bc2da93,06/010/2021,2021-10-06,2021-10-06
615d6f7f8285f9631bc2dae8,sent,615d4fe88285f9631bc2da93,06/010/2021,2021-10-06,
615d6f538285f9631bc2dae7,shown,615d4fe88285f9631bc2da93,06/010/2021,2021-10-06,2021-10-06
615d6f038285f9631bc2dae6,sent,615d4fe88285f9631bc2da93,06/010/2021,2021-10-06,
615c3f6324bf9a154545d2fc,sent,5e83073adb8f357c02646b57,05/010/2021,2021-10-05,
6155829524bf9a154545cfe9,shown,60ba22ec8df4186d86cff1d8,2021-09-30 00:00:00,2021-10-15,2021-09-30
6155824b24bf9a154545cfe8,sent,5e2ea7207ba2f4719ceb4c02,2021-09-30 00:00:00,2021-09-30,
6141abf224bf9a154545c274,sent,5e99800be1feb14ac5708ac6,2021-09-15 00:00:00,2021-09-15,
6141abb524bf9a154545c273,sent,5e99800be1feb14ac5708ac6,2021-09-15 00:00:00,2021-09-15,
6141aad524bf9a154545c272,sent,5e99800be1feb14ac5708ac6,2021-09-15 00:00:00,2021-09-15,
6141055424bf9a154545c21b,shown,61409adc24bf9a154545c19b,2021-09-14 00:00:00,2021-09-30,2021-09-16
614104bc24bf9a154545c21a,sent,61409adc24bf9a154545c19b,2021-09-14 00:00:00,2021-09-14,
6141041824bf9a154545c219,shown,61409adc24bf9a154545c19b,2021-09-14 00:00:00,2021-09-30,2021-09-22
613cafd724bf9a154545bf51,sent,612e8cdb8ae28b087046d74f,2021-09-11 00:00:00,2021-09-11,
613b527424bf9a154545be8c,shown,6065c4c0c44cfd5b8e6c6724,2021-09-10 00:00:00,2021-09-23,2021-09-23
6138bd4424bf9a154545bbc2,shown,6138784c24bf9a154545bb52,2021-09-08 00:00:00,2021-09-16,2021-09-16
6138bcf124bf9a154545bbc1,sent,6138784c24bf9a154545bb52,2021-09-08 00:00:00,2021-09-08,
6138bccc24bf9a154545bbc0,sent,6138784c24bf9a154545bb52,2021-09-08 00:00:00,2021-09-08,
6138bc8a24bf9a154545bbbf,shown,6138784c24bf9a154545bb52,2021-09-08 00:00:00,2021-09-09,2021-09-09
6138bc5d24bf9a154545bbbe,sent,6138784c24bf9a154545bb52,2021-09-08 00:00:00,2021-09-08,
6138bc3624bf9a154545bbbd,sent,6138784c24bf9a154545bb52,2021-09-08 00:00:00,2021-09-08,
6138bc1f24bf9a154545bbbc,sent,6138784c24bf9a154545bb52,2021-09-08 00:00:00,2021-09-08,
6138a58824bf9a154545bb92,shown,612e8cdb8ae28b087046d74f,2021-09-08 00:00:00,2021-09-11,2021-09-08
6131dec1e10a3b071620d9de,sent,60f826bae9d1402c2193011e,2021-09-03 00:00:00,2021-09-03,
612cece18ae28b087046d639,sent,6065c4c0c44cfd5b8e6c6724,2021-08-30 00:00:00,2021-08-30,
612798608ae28b087046d2ec,sent,612794038ae28b087046d2e7,2021-08-26 00:00:00,2021-08-26,
612798438ae28b087046d2eb,sent,612794038ae28b087046d2e7,2021-08-26 00:00:00,2021-08-26,
612757568ae28b087046d299,sent,60f6d1cee9d1402c21930059,2021-08-26 00:00:00,2021-08-26,
612754568ae28b087046d295,sent,60f6d1cee9d1402c21930059,2021-08-26 00:00:00,2021-08-26,
612650e48ae28b087046d1bd,hidden,60c238ec9708e87ffe81194e,2021-08-25 00:00:00,2021-08-25,2021-08-25
611ce0798ae28b087046ca35,sent,60f826bae9d1402c2193011e,2021-08-18 00:00:00,2021-08-18,
611a6b538ae28b087046c7c7,shown,6065c4c0c44cfd5b8e6c6724,2021-08-16 00:00:00,2021-08-16,2021-08-16
610bfe308ae28b087046bdd4,shown,6107fb2e8ae28b087046b9d2,2021-08-05 00:00:00,2021-08-05,2021-08-05
610804298ae28b087046b9ef,sent,6107fb2e8ae28b087046b9d2,2021-08-02 00:00:00,2021-08-02,
60f67ecc66938b559e8438a6,shown,5ee7ab2ae1feb14ac570c6f3,2021-07-20 00:00:00,2021-09-21,2021-09-17
60e44ebebb7ccc779dcf20c4,sent,60e445e9bb7ccc779dcf20be,2021-07-06 00:00:00,2021-07-06,
60e44e9cbb7ccc779dcf20c3,shown,60e445e9bb7ccc779dcf20be,2021-07-06 00:00:00,2021-09-08,2021-09-08
60d1eed34497d2087fd5423a,shown,6065c4c0c44cfd5b8e6c6724,2021-06-22 00:00:00,2021-07-26,2021-07-26
60d1ee8c4497d2087fd54239,shown,6065c4c0c44cfd5b8e6c6724,2021-06-22 00:00:00,2021-06-25,2021-06-25
60d1ee1c4497d2087fd54238,shown,6065c4c0c44cfd5b8e6c6724,2021-06-22 00:00:00,2021-06-25,2021-06-23
60d1edcf4497d2087fd54237,sent,6065c4c0c44cfd5b8e6c6724,2021-06-22 00:00:00,2021-06-22,
60be44f28df4186d86cff41d,sent,60bd455b8df4186d86cff363,2021-06-07 00:00:00,2021-06-07,
60b642e12fd32b1293154a4c,hidden,60b5e96f2fd32b12931549fe,2021-06-01 00:00:00,2021-06-01,2021-06-01
60acbf6e2fd32b129315453b,sent,60acb7e22fd32b1293154534,2021-05-25 00:00:00,2021-05-25,
60acbf392fd32b129315453a,sent,60acb7e22fd32b1293154534,2021-05-25 00:00:00,2021-05-25,
609a3ab42fd32b1293153a47,sent,6098f0602fd32b129315395f,2021-05-11 00:00:00,2021-05-11,
609a3a872fd32b1293153a46,sent,6098f0602fd32b129315395f,2021-05-11 00:00:00,2021-05-11,
607ecfa22fd32b1293152245,shown,607e8dc02fd32b129315222f,2021-04-20 00:00:00,2021-04-20,2021-04-20
607ecf5e2fd32b1293152244,shown,607e8dc02fd32b129315222f,2021-04-20 00:00:00,2021-04-27,2021-04-27
6075bb51c44cfd5b8e6c6f4f,sent,5e15fa5a42174218cf9339c8,2021-04-13 00:00:00,2021-04-13,
6075ba94c44cfd5b8e6c6f4e,sent,5e15fa5a42174218cf9339c8,2021-04-13 00:00:00,2021-04-13,
606c0dcfc44cfd5b8e6c6a1a,shown,605ba6a4c44cfd5b8e6c6309,2021-04-06 00:00:00,2022-05-18,2021-04-07
606c0d55c44cfd5b8e6c6a19,shown,605ba6a4c44cfd5b8e6c6309,2021-04-06 00:00:00,2022-05-18,2021-04-07
606c0d31c44cfd5b8e6c6a18,shown,605ba6a4c44cfd5b8e6c6309,2021-04-06 00:00:00,2022-05-18,2021-04-12
605dc712c44cfd5b8e6c6445,shown,5f4e1901c0f0425b7114f03e,2021-03-26 00:00:00,2021-03-28,2021-03-27
6041fa3e438dca1742a98b11,sent,6037967c79bc110f7b6690cd,2021-03-05 00:00:00,2021-03-05,
602a807179bc110f7b668a47,sent,5f7f064c0f36a533fa58d8a1,2021-02-15 00:00:00,2021-02-15,
602a804479bc110f7b668a46,shown,5f7f064c0f36a533fa58d8a1,2021-02-15 00:00:00,2021-02-16,2021-02-16
602a801379bc110f7b668a45,sent,5f7f064c0f36a533fa58d8a1,2021-02-15 00:00:00,2021-02-15,
602a7d5979bc110f7b668a43,sent,5f7f064c0f36a533fa58d8a1,2021-02-15 00:00:00,2021-02-15,
6026b0366f28ac167974c707,sent,602693c06f28ac167974c6e1,2021-02-12 00:00:00,2021-02-12,
601af9dd6f28ac167974bf46,sent,601980d16f28ac167974be93,2021-02-03 00:00:00,2021-02-03,
601af9c46f28ac167974bf44,sent,601980d16f28ac167974be93,2021-02-03 00:00:00,2021-02-03,
601af9b16f28ac167974bf43,sent,601980d16f28ac167974be93,2021-02-03 00:00:00,2021-02-03,
601af99a6f28ac167974bf42,sent,601980d16f28ac167974be93,2021-02-03 00:00:00,2021-02-03,
6019a5046f28ac167974bea6,sent,601980d16f28ac167974be93,2021-02-02 00:00:00,2021-02-02,
6019570b6f28ac167974be6c,shown,5f4186f3c0f0425b7114e7c0,2021-02-02 00:00:00,2021-02-03,2021-02-02
601920806f28ac167974be54,shown,5f56464fc0f0425b7114f4c6,2021-02-02 00:00:00,2021-02-02,2021-02-02
601919496f28ac167974be4f,hidden,5d87d3b84472f16796e2aee8,2021-02-02 00:00:00,2021-02-02,2021-02-02
60182cf96f28ac167974bdb6,sent,5fbbe3f21ccdfa7589ca57ba,2021-02-01 00:00:00,2021-02-01,
6018137b6f28ac167974bda9,hidden,5dcd71c395b17d1ca50827dc,2021-02-01 00:00:00,2021-02-01,2021-02-01
601804836f28ac167974bd9e,hidden,5e99800be1feb14ac5708ac6,2021-02-01 00:00:00,2021-02-01,2021-02-01
6017e9936f28ac167974bd93,shown,5cdfbdf744870d61541d68cf,2021-02-01 00:00:00,2021-02-01,2021-02-01
6017e3266f28ac167974bd8d,hidden,5dcd71c395b17d1ca50827dc,2021-02-01 00:00:00,2021-02-01,2021-02-01
6017d2246f28ac167974bd89,shown,5e8d9c5ce1feb14ac5708165,2021-02-01 00:00:00,2021-07-19,2021-02-01
6017bf076f28ac167974bd81,shown,5feb08346f28ac167974ac9a,2021-02-01 00:00:00,2021-02-01,2021-02-01
6017af586f28ac167974bd7b,hidden,5d5abdc4d157c058dfecd1e7,2021-02-01 00:00:00,2021-02-01,2021-02-01
6015e19f6f28ac167974bcf9,hidden,5fc0c9e81ccdfa7589ca5954,2021-01-30 00:00:00,2021-01-30,2021-01-30
600aabbe6f28ac167974ba41,hidden,5fb6aefa1ccdfa7589ca5621,2021-01-22 00:00:00,2021-01-22,2021-01-22
600944e16f28ac167974b9bb,hidden,5d87d3b84472f16796e2aee8,2021-01-21 00:00:00,2021-01-21,2021-01-21
600939226f28ac167974b9ae,shown,5e3072f27ba2f4719ceb4d90,2021-01-21 00:00:00,2021-01-21,2021-01-21
5ffc12f26f28ac167974b2a8,sent,5ebaacc0e1feb14ac570a3a5,2021-01-11 00:00:00,2021-01-11,
5ffc125d6f28ac167974b2a7,sent,5ebaacc0e1feb14ac570a3a5,2021-01-11 00:00:00,2021-01-11,
5fdb71d76f28ac167974a8b0,sent,5f5f72cfc0f0425b7114f875,2020-11-17 00:00:00,2020-12-17,
5fda0aa16f28ac167974a769,sent,5d8c76d04472f16796e2af4f,2020-11-16 00:00:00,2020-12-16,
5fd343aa6f28ac167974a51a,shown,5f3d3ffac0f0425b7114e498,2020-11-11 00:00:00,2020-12-11,2020-12-11
5fd09fa46f28ac167974a422,shown,5f11c0c8e1feb14ac570e58e,2020-11-09 00:00:00,2020-12-10,2020-12-09
5fd097466f28ac167974a41e,shown,5f11c0c8e1feb14ac570e58e,2020-11-09 00:00:00,2020-12-09,2020-12-09
5fd090fe6f28ac167974a419,shown,5f367f78c0f0425b7114e06e,2020-11-09 00:00:00,2020-12-10,2020-12-09
5fcfb3d96f28ac167974a3df,sent,5e71011edb8f357c02645dd2,2020-11-08 00:00:00,2020-12-08,
5fcf3bca6f28ac167974a39b,hidden,5e9980a4e1feb14ac5708ac8,2020-11-08 00:00:00,2020-12-08,2020-12-08
5fce43826f28ac167974a34d,shown,5f153b6de1feb14ac570e8b8,2020-11-07 00:00:00,2021-03-28,2020-12-07
5fce3d296f28ac167974a344,shown,5f153b6de1feb14ac570e8b8,2020-11-07 00:00:00,2021-03-28,2020-12-07
5fcdf8676f28ac167974a306,shown,5ddbc8907c188c7874a9d5c9,2020-11-07 00:00:00,2021-03-08,2021-03-06
5fcdf83e6f28ac167974a305,hidden,5e9980a4e1feb14ac5708ac8,2020-11-07 00:00:00,2020-12-07,2020-12-07
5fcb6c756f28ac167974a1fa,sent,5ddbc8907c188c7874a9d5c9,2020-11-05 00:00:00,2020-12-05,
5fcb6c136f28ac167974a1f9,sent,5ddbc8907c188c7874a9d5c9,2020-11-05 00:00:00,2020-12-05,
5fc67e6e1ccdfa7589ca5d3c,shown,5fbfbf5b1ccdfa7589ca5908,2020-11-01 00:00:00,2021-11-07,2020-12-18
5fc278eb1ccdfa7589ca5ab7,shown,5fbfbf5b1ccdfa7589ca5908,2020-10-28 00:00:00,2020-12-07,2020-12-07
5fc259d81ccdfa7589ca5aa8,shown,5fbfbf5b1ccdfa7589ca5908,2020-10-28 00:00:00,2020-12-01,2020-11-28
5fc258981ccdfa7589ca5aa3,sent,5fbfbf5b1ccdfa7589ca5908,2020-10-28 00:00:00,2020-11-28,
5fc250d31ccdfa7589ca5a99,sent,5fbfbf5b1ccdfa7589ca5908,2020-10-28 00:00:00,2020-11-28,
5fc24e621ccdfa7589ca5a95,sent,5fbfbf5b1ccdfa7589ca5908,2020-10-28 00:00:00,2020-11-28,
5fc24d401ccdfa7589ca5a92,sent,5fbfbf5b1ccdfa7589ca5908,2020-10-28 00:00:00,2020-11-28,
5fc24d0f1ccdfa7589ca5a91,sent,5fbfbf5b1ccdfa7589ca5908,2020-10-28 00:00:00,2020-11-28,
5fbff1e41ccdfa7589ca5920,sent,5fbfbf5b1ccdfa7589ca5908,2020-10-26 00:00:00,2020-11-26,
5fbfce431ccdfa7589ca590c,hidden,5e5e15e0011e2b7c8fe78d74,2020-10-26 00:00:00,2020-11-26,2020-11-26
5fbf71a51ccdfa7589ca58e8,shown,5cdfbdf744870d61541d68cf,2020-10-26 00:00:00,2020-11-26,2020-11-26
5fbf6b7a1ccdfa7589ca58e5,shown,5ee7786fe1feb14ac570c656,2020-10-26 00:00:00,2020-11-26,2020-11-26
5fbe792e1ccdfa7589ca58a0,hidden,5c52f8a1ea9407248fdd432a,2020-10-25 00:00:00,2020-11-25,2020-11-25
5fbd406d1ccdfa7589ca5834,sent,5fbbe3f21ccdfa7589ca57ba,2020-10-24 00:00:00,2020-11-24,
5fbd24b31ccdfa7589ca5825,shown,5eaacb97e1feb14ac5709790,2020-10-24 00:00:00,2020-11-24,2020-11-24
5fbd10ed1ccdfa7589ca5816,shown,5ce3fbcfb0c8341cdddda0d1,2020-10-24 00:00:00,2020-11-24,2020-11-24
5fbd07cc1ccdfa7589ca5810,shown,5e84a476db8f357c02646c89,2020-10-24 00:00:00,2020-11-24,2020-11-24
5fbcd6231ccdfa7589ca57f7,shown,5e86f646db8f357c02646f5e,2020-10-24 00:00:00,2020-11-24,2020-11-24
5fbbbda11ccdfa7589ca57a0,hidden,5e9eaa39e1feb14ac5708eb7,2020-10-23 00:00:00,2020-11-23,2020-11-23
5fbb855a1ccdfa7589ca577a,hidden,5e9eaa39e1feb14ac5708eb7,2020-10-23 00:00:00,2020-11-23,2020-11-23
5fbb76fd1ccdfa7589ca5773,hidden,5c52f8a1ea9407248fdd432a,2020-10-23 00:00:00,2020-11-23,2020-11-23
5fb3e2731ccdfa7589ca54ef,sent,5e8f1781e1feb14ac570828a,2020-10-17 00:00:00,2020-11-17,
5fb3e14c1ccdfa7589ca54ee,sent,5e8f1781e1feb14ac570828a,2020-10-17 00:00:00,2020-11-17,
5fb286071ccdfa7589ca544c,sent,5fb27e451ccdfa7589ca5446,2020-10-16 00:00:00,2020-11-16,
5fad0f211ccdfa7589ca5231,shown,5f198132c0f0425b7114c985,2020-10-12 00:00:00,2020-11-14,2020-11-12
5faaaa9a1ccdfa7589ca5149,shown,5f198132c0f0425b7114c985,2020-10-10 00:00:00,2020-11-14,2020-11-10
5faaa1101ccdfa7589ca5147,hidden,5efee6a5e1feb14ac570d8a9,2020-10-10 00:00:00,2020-11-10,2020-11-10
5f9fe5587966b1211ecfd92d,shown,5ddbc8907c188c7874a9d5c9,2020-10-02 00:00:00,2020-11-02,2020-11-02
5f9fe50a7966b1211ecfd92c,shown,5ddbc8907c188c7874a9d5c9,2020-10-02 00:00:00,2020-11-02,2020-11-02
5f9fe4b37966b1211ecfd92b,shown,5ddbc8907c188c7874a9d5c9,2020-10-02 00:00:00,2020-11-05,2020-11-04
5f96d6640f36a533fa58e176,sent,5f6610a5c0f0425b7114fcee,26/010/2020,2020-10-26,
5f96d63a0f36a533fa58e175,sent,5f6610a5c0f0425b7114fcee,26/010/2020,2020-10-26,
5f96d6140f36a533fa58e174,sent,5f6610a5c0f0425b7114fcee,26/010/2020,2020-10-26,
5f92a5030f36a533fa58df45,hidden,5d025560fd26e33243bc5f92,23/010/2020,2020-10-30,2020-10-23
5f904d260f36a533fa58de6d,hidden,5efee6a5e1feb14ac570d8a9,21/010/2020,2020-10-21,2020-10-21
5f730b800f36a533fa58d300,hidden,5e2ea7207ba2f4719ceb4c02,2020-09-29 00:00:00,2020-09-29,2020-09-29
5f71f8020f36a533fa58d2a5,shown,5d87d3b84472f16796e2aee8,2020-09-28 00:00:00,2020-09-28,2020-09-28
5f6b01821ab7f55778306a80,shown,5d87d3b84472f16796e2aee8,2020-09-23 00:00:00,2020-09-23,2020-09-23
5f64d429c0f0425b7114fc9c,sent,5defbef6123bfb2858a17473,2020-09-18 00:00:00,2020-09-18,
5f60aff5c0f0425b7114fab3,sent,5f3a7748c0f0425b7114e2be,2020-09-15 00:00:00,2020-09-15,
5f60afbcc0f0425b7114fab2,sent,5f3a7748c0f0425b7114e2be,2020-09-15 00:00:00,2020-09-15,
5f60af52c0f0425b7114faaf,hidden,5f3a7748c0f0425b7114e2be,2020-09-15 00:00:00,2020-10-01,2020-10-01
5f60af30c0f0425b7114faae,sent,5f3a7748c0f0425b7114e2be,2020-09-15 00:00:00,2020-09-15,
5f60af14c0f0425b7114faad,sent,5f3a7748c0f0425b7114e2be,2020-09-15 00:00:00,2020-09-15,
5f60aef0c0f0425b7114faac,sent,5f3a7748c0f0425b7114e2be,2020-09-15 00:00:00,2020-09-15,
5f5f9313c0f0425b7114f8a1,shown,5defbef6123bfb2858a17473,2020-09-14 00:00:00,2020-09-18,2020-09-16
5f5f8d13c0f0425b7114f89c,sent,5defbef6123bfb2858a17473,2020-09-14 00:00:00,2020-09-14,
5f5f8cfbc0f0425b7114f89b,sent,5defbef6123bfb2858a17473,2020-09-14 00:00:00,2020-09-14,
5f5f8c97c0f0425b7114f899,sent,5defbef6123bfb2858a17473,2020-09-14 00:00:00,2020-09-14,
5f5f8c29c0f0425b7114f898,shown,5defbef6123bfb2858a17473,2020-09-14 00:00:00,2020-09-14,2020-09-14
5f5f8c12c0f0425b7114f897,sent,5defbef6123bfb2858a17473,2020-09-14 00:00:00,2020-09-14,
5f5f8bfec0f0425b7114f896,shown,5defbef6123bfb2858a17473,2020-09-14 00:00:00,2021-03-25,2020-09-21
5f5f8be5c0f0425b7114f895,sent,5defbef6123bfb2858a17473,2020-09-14 00:00:00,2020-09-14,
5f5f8bd0c0f0425b7114f894,sent,5defbef6123bfb2858a17473,2020-09-14 00:00:00,2020-09-14,
5f5f8bbec0f0425b7114f893,sent,5defbef6123bfb2858a17473,2020-09-14 00:00:00,2020-09-14,
5f5f8b97c0f0425b7114f892,shown,5defbef6123bfb2858a17473,2020-09-14 00:00:00,2020-09-18,2020-09-16
5f5f8b67c0f0425b7114f891,sent,5defbef6123bfb2858a17473,2020-09-14 00:00:00,2020-09-14,
5f5f8b17c0f0425b7114f88f,sent,5defbef6123bfb2858a17473,2020-09-14 00:00:00,2020-09-14,
5f5f8aecc0f0425b7114f88c,sent,5defbef6123bfb2858a17473,2020-09-14 00:00:00,2020-09-14,
5f5f87abc0f0425b7114f88b,shown,5f4e1901c0f0425b7114f03e,2020-09-14 00:00:00,2020-09-24,2020-09-24
5f5f8778c0f0425b7114f88a,shown,5f4e1901c0f0425b7114f03e,2020-09-14 00:00:00,2020-09-15,2020-09-15
5f59c41cc0f0425b7114f651,sent,5e5d5ee3011e2b7c8fe78d32,2020-09-10 00:00:00,2020-09-10,
5f59c3c8c0f0425b7114f650,sent,5e5d5ee3011e2b7c8fe78d32,2020-09-10 00:00:00,2020-09-10,
5f59c3a1c0f0425b7114f64f,sent,5e5d5ee3011e2b7c8fe78d32,2020-09-10 00:00:00,2020-09-10,
5f51fe47c0f0425b7114f224,shown,5eac337fe1feb14ac57098b2,2020-09-04 00:00:00,2020-09-21,2020-09-19
5f490c4ec0f0425b7114ed94,shown,5c73c8324d9bb55da5dbd83c,2020-08-28 00:00:00,2020-08-28,2020-08-28
5f146ed9e1feb14ac570e80b,sent,5cfe21aefd26e33243bc5f50,2020-07-19 00:00:00,2020-07-19,
5f146e56e1feb14ac570e808,sent,5cfe21aefd26e33243bc5f50,2020-07-19 00:00:00,2020-07-19,
5f146de7e1feb14ac570e807,sent,5cfe21aefd26e33243bc5f50,2020-07-19 00:00:00,2020-07-19,
5f146d8ce1feb14ac570e805,sent,5cfe21aefd26e33243bc5f50,2020-07-19 00:00:00,2020-07-19,
5f146d2ce1feb14ac570e804,sent,5cfe21aefd26e33243bc5f50,2020-07-19 00:00:00,2020-07-19,
5f146ccae1feb14ac570e802,sent,5cfe21aefd26e33243bc5f50,2020-07-19 00:00:00,2020-07-19,
5f146c0fe1feb14ac570e800,sent,5cfe21aefd26e33243bc5f50,2020-07-19 00:00:00,2020-07-19,
5f146b3be1feb14ac570e7fe,sent,5cfe21aefd26e33243bc5f50,2020-07-19 00:00:00,2020-07-19,
5f146aabe1feb14ac570e7fd,sent,5cfe21aefd26e33243bc5f50,2020-07-19 00:00:00,2020-07-19,
5f146a22e1feb14ac570e7fb,shown,5cfe21aefd26e33243bc5f50,2020-07-19 00:00:00,2020-08-03,2020-07-27
5f1469e7e1feb14ac570e7fa,sent,5cfe21aefd26e33243bc5f50,2020-07-19 00:00:00,2020-07-19,
5f14697ee1feb14ac570e7f8,sent,5cfe21aefd26e33243bc5f50,2020-07-19 00:00:00,2020-07-19,
5f14691de1feb14ac570e7f6,sent,5cfe21aefd26e33243bc5f50,2020-07-19 00:00:00,2020-07-19,
5f1468c9e1feb14ac570e7f5,sent,5cfe21aefd26e33243bc5f50,2020-07-19 00:00:00,2020-07-19,
5f0f0590e1feb14ac570e3d5,sent,5def9c0e123bfb2858a1744f,2020-07-15 00:00:00,2020-07-15,
5f03b6cfe1feb14ac570db86,sent,5ea993f2e1feb14ac57096bb,2020-07-07 00:00:00,2020-07-06,
5f03b67de1feb14ac570db85,sent,5ea993f2e1feb14ac57096bb,2020-07-07 00:00:00,2020-07-06,
5f03b658e1feb14ac570db84,sent,5ea993f2e1feb14ac57096bb,2020-07-07 00:00:00,2020-07-06,
5f03b636e1feb14ac570db83,sent,5ea993f2e1feb14ac57096bb,2020-07-07 00:00:00,2020-07-06,
5ef4f964e1feb14ac570d039,sent,5eebbc48e1feb14ac570c9f5,2020-06-25 00:00:00,2020-06-25,
5eea4b35e1feb14ac570c947,shown,5eea47e1e1feb14ac570c942,2020-06-17 00:00:00,2020-06-27,2020-06-17
5eea4b18e1feb14ac570c946,sent,5eea47e1e1feb14ac570c942,2020-06-17 00:00:00,2020-06-17,
5eea4af8e1feb14ac570c945,shown,5eea47e1e1feb14ac570c942,2020-06-17 00:00:00,2020-06-17,2020-06-17
5ee790fce1feb14ac570c6a6,shown,5dd46d2d23ed286749466f62,2020-06-15 00:00:00,2020-06-15,2020-06-15
5ee79050e1feb14ac570c6a3,hidden,5dd46d2d23ed286749466f62,2020-06-15 00:00:00,2020-06-16,2020-06-16
5ee781efe1feb14ac570c674,sent,5ee7786fe1feb14ac570c656,2020-06-15 00:00:00,2020-06-15,
5ee781a3e1feb14ac570c673,shown,5ee7786fe1feb14ac570c656,2020-06-15 00:00:00,2020-06-16,2020-06-16
5ee7818be1feb14ac570c672,shown,5ee7786fe1feb14ac570c656,2020-06-15 00:00:00,2020-06-15,2020-06-15
5ee7588ae1feb14ac570c630,sent,5d36dc6b2ddad25407871897,2020-06-15 00:00:00,2020-06-15,
5ee757bfe1feb14ac570c62f,sent,5d36dc6b2ddad25407871897,2020-06-15 00:00:00,2020-06-15,
5ee75796e1feb14ac570c62e,sent,5d36dc6b2ddad25407871897,2020-06-15 00:00:00,2020-06-15,
5ee73589e1feb14ac570c61c,sent,5e7257aadb8f357c02645ec4,2020-06-15 00:00:00,2020-06-15,
5ee71acae1feb14ac570c5e9,sent,5d36dc6b2ddad25407871897,2020-06-15 00:00:00,2020-06-15,
5ee71a9be1feb14ac570c5e7,shown,5d36dc6b2ddad25407871897,2020-06-15 00:00:00,2020-06-15,2020-06-15
5ede11f9e1feb14ac570be4f,sent,5ec29fafe1feb14ac570aa1d,2020-06-08 00:00:00,2020-06-08,
5edbff6be1feb14ac570bcf0,sent,5e99800be1feb14ac5708ac6,2020-06-06 00:00:00,2020-06-06,
5ed8b393e1feb14ac570bb0f,sent,5ec448abe1feb14ac570abf5,2020-06-04 00:00:00,2020-06-04,
5ed8b25fe1feb14ac570bb0d,sent,5ec448abe1feb14ac570abf5,2020-06-04 00:00:00,2020-06-04,
5ed8b1fce1feb14ac570bb0c,sent,5ec448abe1feb14ac570abf5,2020-06-04 00:00:00,2020-06-04,
5ecbbebbe1feb14ac570b1e3,shown,5e8c428ce1feb14ac5707f6b,2020-05-25 00:00:00,2020-07-02,2020-07-01
5ecb958ee1feb14ac570b1ca,sent,5e71011edb8f357c02645dd2,2020-05-25 00:00:00,2020-05-25,
5ec94fdfe1feb14ac570afd3,sent,5e7e349adb8f357c02646814,2020-05-23 00:00:00,2020-05-23,
5ec94f66e1feb14ac570afd2,sent,5e7e349adb8f357c02646814,2020-05-23 00:00:00,2020-05-23,
5ec94ccce1feb14ac570afd1,sent,5e7e349adb8f357c02646814,2020-05-23 00:00:00,2020-05-23,
5ec94c52e1feb14ac570afd0,sent,5e7e349adb8f357c02646814,2020-05-23 00:00:00,2020-05-23,
5ec94c08e1feb14ac570afcf,sent,5e7e349adb8f357c02646814,2020-05-23 00:00:00,2020-05-23,
5ec94aa7e1feb14ac570afce,sent,5e7e349adb8f357c02646814,2020-05-23 00:00:00,2020-05-23,
5ec94a5fe1feb14ac570afcd,shown,5e7e349adb8f357c02646814,2020-05-23 00:00:00,2020-05-24,2020-05-23
5ec949fde1feb14ac570afcc,sent,5e7e349adb8f357c02646814,2020-05-23 00:00:00,2020-05-23,
5ec949b7e1feb14ac570afcb,shown,5e7e349adb8f357c02646814,2020-05-23 00:00:00,2020-06-04,2020-06-03
5ec94967e1feb14ac570afca,sent,5e7e349adb8f357c02646814,2020-05-23 00:00:00,2020-05-23,
5ec94927e1feb14ac570afc9,shown,5e7e349adb8f357c02646814,2020-05-23 00:00:00,2020-05-24,2020-05-24
5ec51b93e1feb14ac570acad,sent,5ea67137e1feb14ac5709411,2020-05-20 00:00:00,2020-05-20,
5ec51b7ee1feb14ac570acac,sent,5ea67137e1feb14ac5709411,2020-05-20 00:00:00,2020-05-20,
5ec41023e1feb14ac570abd1,shown,5ec404c5e1feb14ac570abc5,2020-05-19 00:00:00,2020-05-19,2020-05-19
5ec24ef8e1feb14ac570a9d3,shown,5ea67137e1feb14ac5709411,2020-05-18 00:00:00,2020-05-18,2020-05-18
5ec24ed8e1feb14ac570a9d2,sent,5ea67137e1feb14ac5709411,2020-05-18 00:00:00,2020-05-18,
5ec24ebbe1feb14ac570a9d1,sent,5ea67137e1feb14ac5709411,2020-05-18 00:00:00,2020-05-18,
5ec24e9ee1feb14ac570a9cf,sent,5ea67137e1feb14ac5709411,2020-05-18 00:00:00,2020-05-18,
5ec24e76e1feb14ac570a9ce,sent,5ea67137e1feb14ac5709411,2020-05-18 00:00:00,2020-05-18,
5ec24e5ee1feb14ac570a9cc,sent,5ea67137e1feb14ac5709411,2020-05-18 00:00:00,2020-05-18,
5ec24e37e1feb14ac570a9cb,sent,5ea67137e1feb14ac5709411,2020-05-18 00:00:00,2020-05-18,
5ebab98ae1feb14ac570a3ab,sent,5ebaacc0e1feb14ac570a3a5,2020-05-12 00:00:00,2020-05-12,
5eb20382e1feb14ac5709d43,shown,5e99800be1feb14ac5708ac6,2020-05-06 00:00:00,2020-05-07,2020-05-06
5eb19726e1feb14ac5709cfa,sent,5eb01cd3e1feb14ac5709b9d,2020-05-05 00:00:00,2020-05-05,
5eb11b08e1feb14ac5709c92,sent,5e58c382011e2b7c8fe78a71,2020-05-05 00:00:00,2020-05-05,
5eb118e2e1feb14ac5709c8d,sent,5eb01cd3e1feb14ac5709b9d,2020-05-05 00:00:00,2020-05-05,
5eb1188be1feb14ac5709c8c,sent,5eb01cd3e1feb14ac5709b9d,2020-05-05 00:00:00,2020-05-05,
5eb11863e1feb14ac5709c8b,sent,5eb01cd3e1feb14ac5709b9d,2020-05-05 00:00:00,2020-05-05,
5eb1183fe1feb14ac5709c8a,sent,5eb01cd3e1feb14ac5709b9d,2020-05-05 00:00:00,2020-05-05,
5eb117e0e1feb14ac5709c88,sent,5eb01cd3e1feb14ac5709b9d,2020-05-05 00:00:00,2020-05-05,
5eb115d4e1feb14ac5709c85,sent,5eb01cd3e1feb14ac5709b9d,2020-05-05 00:00:00,2020-05-05,
5eb10eade1feb14ac5709c82,shown,5eb01cd3e1feb14ac5709b9d,2020-05-05 00:00:00,2020-05-05,2020-05-05
5eb0796be1feb14ac5709c1b,hidden,5eb01cd3e1feb14ac5709b9d,2020-05-04 00:00:00,2020-05-18,2020-05-18
5eb07840e1feb14ac5709c17,shown,5eb01cd3e1feb14ac5709b9d,2020-05-04 00:00:00,2020-05-05,2020-05-05
5eb0781ee1feb14ac5709c15,sent,5eb01cd3e1feb14ac5709b9d,2020-05-04 00:00:00,2020-05-04,
5eb07754e1feb14ac5709c13,sent,5eb01cd3e1feb14ac5709b9d,2020-05-04 00:00:00,2020-05-04,
5eb076ace1feb14ac5709c12,sent,5eb01cd3e1feb14ac5709b9d,2020-05-04 00:00:00,2020-05-04,
5eb07694e1feb14ac5709c11,hidden,5eb01cd3e1feb14ac5709b9d,2020-05-04 00:00:00,2020-05-11,2020-05-11
5eb0763fe1feb14ac5709c10,shown,5eb01cd3e1feb14ac5709b9d,2020-05-04 00:00:00,2020-05-05,2020-05-05
5eb07609e1feb14ac5709c0f,sent,5eb01cd3e1feb14ac5709b9d,2020-05-04 00:00:00,2020-05-04,
5eb075f5e1feb14ac5709c0e,sent,5eb01cd3e1feb14ac5709b9d,2020-05-04 00:00:00,2020-05-04,
5eb075ede1feb14ac5709c0d,sent,5eb01cd3e1feb14ac5709b9d,2020-05-04 00:00:00,2020-05-04,
5eb0759ee1feb14ac5709c0c,shown,5eb01cd3e1feb14ac5709b9d,2020-05-04 00:00:00,2020-05-05,2020-05-05
5eb07488e1feb14ac5709c0a,sent,5eb01cd3e1feb14ac5709b9d,2020-05-04 00:00:00,2020-05-04,
5eb07463e1feb14ac5709c09,sent,5eb01cd3e1feb14ac5709b9d,2020-05-04 00:00:00,2020-05-04,
5eb073f1e1feb14ac5709c07,sent,5eb01cd3e1feb14ac5709b9d,2020-05-04 00:00:00,2020-05-04,
5eb072fce1feb14ac5709c04,shown,5eb01cd3e1feb14ac5709b9d,2020-05-04 00:00:00,2020-05-05,2020-05-05
5eb072a8e1feb14ac5709c03,sent,5eb01cd3e1feb14ac5709b9d,2020-05-04 00:00:00,2020-05-04,
5eb0728ce1feb14ac5709c02,sent,5eb01cd3e1feb14ac5709b9d,2020-05-04 00:00:00,2020-05-04,
5eb07272e1feb14ac5709c00,sent,5eb01cd3e1feb14ac5709b9d,2020-05-04 00:00:00,2020-05-04,
5eb0726ae1feb14ac5709bff,sent,5eb01cd3e1feb14ac5709b9d,2020-05-04 00:00:00,2020-05-04,
5eb07250e1feb14ac5709bfe,sent,5eb01cd3e1feb14ac5709b9d,2020-05-04 00:00:00,2020-05-04,
5eb071e5e1feb14ac5709bfd,hidden,5eb01cd3e1feb14ac5709b9d,2020-05-04 00:00:00,2020-05-12,2020-05-12
5eb071bce1feb14ac5709bfc,sent,5eb01cd3e1feb14ac5709b9d,2020-05-04 00:00:00,2020-05-04,
5eb07177e1feb14ac5709bfb,sent,5eb01cd3e1feb14ac5709b9d,2020-05-04 00:00:00,2020-05-04,
5eb07153e1feb14ac5709bfa,sent,5eb01cd3e1feb14ac5709b9d,2020-05-04 00:00:00,2020-05-04,
5eb02993e1feb14ac5709bd6,sent,5eb01cd3e1feb14ac5709b9d,2020-05-04 00:00:00,2020-05-04,
5eb0297ae1feb14ac5709bd4,sent,5eb01cd3e1feb14ac5709b9d,2020-05-04 00:00:00,2020-05-04,
5eb02935e1feb14ac5709bd2,sent,5eb01cd3e1feb14ac5709b9d,2020-05-04 00:00:00,2020-05-04,
5eb02911e1feb14ac5709bd1,sent,5eb01cd3e1feb14ac5709b9d,2020-05-04 00:00:00,2020-05-04,
5eb028f2e1feb14ac5709bd0,sent,5eb01cd3e1feb14ac5709b9d,2020-05-04 00:00:00,2020-05-04,
5eb028b0e1feb14ac5709bcf,sent,5eb01cd3e1feb14ac5709b9d,2020-05-04 00:00:00,2020-05-04,
5eb028a0e1feb14ac5709bce,sent,5eb01cd3e1feb14ac5709b9d,2020-05-04 00:00:00,2020-05-04,
5eb0286be1feb14ac5709bcd,sent,5eb01cd3e1feb14ac5709b9d,2020-05-04 00:00:00,2020-05-04,
5eb02860e1feb14ac5709bcc,shown,5eb01cd3e1feb14ac5709b9d,2020-05-04 00:00:00,2020-05-05,2020-05-04
5eb02851e1feb14ac5709bcb,sent,5eb01cd3e1feb14ac5709b9d,2020-05-04 00:00:00,2020-05-04,
5eb02822e1feb14ac5709bca,sent,5eb01cd3e1feb14ac5709b9d,2020-05-04 00:00:00,2020-05-04,
5eb027f8e1feb14ac5709bc9,sent,5eb01cd3e1feb14ac5709b9d,2020-05-04 00:00:00,2020-05-04,
5eb027d9e1feb14ac5709bc8,shown,5eb01cd3e1feb14ac5709b9d,2020-05-04 00:00:00,2020-05-05,2020-05-04
5eb027c7e1feb14ac5709bc7,sent,5eb01cd3e1feb14ac5709b9d,2020-05-04 00:00:00,2020-05-04,
5eb027bce1feb14ac5709bc6,sent,5eb01cd3e1feb14ac5709b9d,2020-05-04 00:00:00,2020-05-04,
5eb027a9e1feb14ac5709bc5,sent,5eb01cd3e1feb14ac5709b9d,2020-05-04 00:00:00,2020-05-04,
5eb0279ce1feb14ac5709bc4,sent,5eb01cd3e1feb14ac5709b9d,2020-05-04 00:00:00,2020-05-04,
5eac4145e1feb14ac57098bb,shown,5eac337fe1feb14ac57098b2,2020-05-01 00:00:00,2020-05-07,2020-05-01
5eaae98ae1feb14ac57097b1,shown,5ea00141e1feb14ac5708f9f,2020-04-30 00:00:00,2020-04-30,2020-04-30
5ea93c6ee1feb14ac570965f,sent,5de646f8b5c16401fb9e861b,2020-04-29 00:00:00,2020-04-29,
5ea82924e1feb14ac57095a8,shown,5e8c428ce1feb14ac5707f6b,2020-04-28 00:00:00,2020-04-29,2020-04-29
5ea7e979e1feb14ac5709585,sent,5ea7e1e4e1feb14ac5709567,2020-04-28 00:00:00,2020-04-28,
5ea6a3f1e1feb14ac5709467,sent,5e9eb487e1feb14ac5708ec9,2020-04-27 00:00:00,2020-04-27,
5ea6a31fe1feb14ac5709465,sent,5e9eb487e1feb14ac5708ec9,2020-04-27 00:00:00,2020-04-27,
5ea67db5e1feb14ac570941e,sent,5ea67137e1feb14ac5709411,2020-04-27 00:00:00,2020-04-27,
5ea67cd4e1feb14ac570941d,sent,5ea67137e1feb14ac5709411,2020-04-27 00:00:00,2020-04-27,
5ea679c8e1feb14ac5709418,sent,5ea67137e1feb14ac5709411,2020-04-27 00:00:00,2020-04-27,
5ea6798de1feb14ac5709417,sent,5ea67137e1feb14ac5709411,2020-04-27 00:00:00,2020-04-27,
5ea67950e1feb14ac5709416,sent,5ea67137e1feb14ac5709411,2020-04-27 00:00:00,2020-04-27,
5ea67919e1feb14ac5709415,sent,5ea67137e1feb14ac5709411,2020-04-27 00:00:00,2020-04-27,
5ea678e6e1feb14ac5709414,shown,5ea67137e1feb14ac5709411,2020-04-27 00:00:00,2020-04-30,2020-04-27
5ea2aa72e1feb14ac57091e7,shown,5e8c428ce1feb14ac5707f6b,2020-04-24 00:00:00,2020-04-27,2020-04-26
5ea1aeafe1feb14ac57090cc,shown,5e8c428ce1feb14ac5707f6b,2020-04-23 00:00:00,2020-04-24,2020-04-23
5ea188b8e1feb14ac57090a3,sent,5e6a446c6a46f84e73af080d,2020-04-23 00:00:00,2020-04-23,
5ea14561e1feb14ac570905b,shown,5e8c428ce1feb14ac5707f6b,2020-04-23 00:00:00,2020-04-29,2020-04-29
5ea14543e1feb14ac570905a,sent,5e8c428ce1feb14ac5707f6b,2020-04-23 00:00:00,2020-04-23,
5ea003c9e1feb14ac5708fa2,sent,5ea00141e1feb14ac5708f9f,2020-04-22 00:00:00,2020-04-22,
5e9ebb88e1feb14ac5708ed2,sent,5e9eaa39e1feb14ac5708eb7,2020-04-21 00:00:00,2020-04-21,
5e9ebaffe1feb14ac5708ece,sent,5e9eaa39e1feb14ac5708eb7,2020-04-21 00:00:00,2020-04-21,
5e9eba84e1feb14ac5708ecd,sent,5e9eaa39e1feb14ac5708eb7,2020-04-21 00:00:00,2020-04-21,
5e930d54e1feb14ac5708574,sent,5e8c9645e1feb14ac5707fb4,2020-04-12 00:00:00,2020-04-12,
5e930d1ee1feb14ac5708573,shown,5e8c9645e1feb14ac5707fb4,2020-04-12 00:00:00,2020-04-12,2020-04-12
5e8f1db0e1feb14ac570828f,shown,5e8c9645e1feb14ac5707fb4,2020-04-09 00:00:00,2020-04-12,2020-04-10
5e8ef334e1feb14ac570826c,shown,5e3072f27ba2f4719ceb4d90,2020-04-09 00:00:00,2021-12-01,2020-04-09
5e884e1cdb8f357c0264703d,sent,5e84a476db8f357c02646c89,2020-04-04 00:00:00,2020-04-04,
5e884dfddb8f357c0264703c,sent,5e84a476db8f357c02646c89,2020-04-04 00:00:00,2020-04-04,
5e884ddedb8f357c0264703b,sent,5e84a476db8f357c02646c89,2020-04-04 00:00:00,2020-04-04,
5e884daedb8f357c0264703a,sent,5e84a476db8f357c02646c89,2020-04-04 00:00:00,2020-04-04,
5e85a69bdb8f357c02646d53,sent,5e85a50ddb8f357c02646d51,2020-04-02 00:00:00,2020-04-02,
5e84b982db8f357c02646cab,sent,5e84ab14db8f357c02646c95,2020-04-01 00:00:00,2020-04-01,
5e84b920db8f357c02646ca8,shown,5e84ab14db8f357c02646c95,2020-04-01 00:00:00,2020-04-02,2020-04-02
5e81fadedb8f357c02646a91,sent,5e81f8fadb8f357c02646a8a,2020-03-30 00:00:00,2020-03-30,
5e7cdac6db8f357c026466d3,sent,5e7cc04adb8f357c026466a1,2020-03-26 00:00:00,2020-03-26,
5e7cda7fdb8f357c026466d2,shown,5e7cc04adb8f357c026466a1,2020-03-26 00:00:00,2020-05-11,2020-05-07
5e7cbf3cdb8f357c0264669a,sent,5e7cbbeadb8f357c02646684,2020-03-26 00:00:00,2020-03-26,
5e7c6b94db8f357c02646611,sent,5e71011edb8f357c02645dd2,2020-03-26 00:00:00,2020-03-26,
5e7c6b52db8f357c02646610,sent,5e71011edb8f357c02645dd2,2020-03-26 00:00:00,2020-03-26,
5e7b69bcdb8f357c02646576,sent,5e71011edb8f357c02645dd2,2020-03-25 00:00:00,2020-03-25,
5e7b69a3db8f357c02646575,shown,5e71011edb8f357c02645dd2,2020-03-25 00:00:00,2020-03-26,2020-03-26
5e78f49edb8f357c0264638b,sent,5e5d5ee3011e2b7c8fe78d32,2020-03-23 00:00:00,2020-03-23,
5e78f480db8f357c0264638a,sent,5e5d5ee3011e2b7c8fe78d32,2020-03-23 00:00:00,2020-03-23,
5e78f464db8f357c02646389,shown,5e5d5ee3011e2b7c8fe78d32,2020-03-23 00:00:00,2020-04-02,2020-04-02
5e78f44ddb8f357c02646388,sent,5e5d5ee3011e2b7c8fe78d32,2020-03-23 00:00:00,2020-03-23,
5e78f436db8f357c02646387,sent,5e5d5ee3011e2b7c8fe78d32,2020-03-23 00:00:00,2020-03-23,
5e71d8f8db8f357c02645e64,sent,5bd1e3548837de33a00d284e,2020-03-18 00:00:00,2020-03-18,
5e6b62ba6a46f84e73af08b5,shown,5e5f84136a46f84e73af008e,2020-03-13 00:00:00,2020-03-13,2020-03-13
5e6a6ead6a46f84e73af0833,sent,5e32cb6a7ba2f4719ceb4f00,2020-03-12 00:00:00,2020-03-12,
5e69f5776a46f84e73af07bd,shown,5de4f695e8456e13c37a97db,2020-03-12 00:00:00,2020-03-12,2020-03-12
5e69f5666a46f84e73af07bc,sent,5de4f695e8456e13c37a97db,2020-03-12 00:00:00,2020-03-12,
5e69f3d56a46f84e73af07bb,shown,5e3072f27ba2f4719ceb4d90,2020-03-12 00:00:00,2021-12-01,2020-03-13
5e69eb206a46f84e73af07b0,sent,5d67dbe5d157c058dfecd26c,2020-03-12 00:00:00,2020-03-12,
5e68b5e16a46f84e73af06d5,sent,5e5408393b7cd27e6511ff30,2020-03-11 00:00:00,2020-03-11,
5e6646256a46f84e73af054c,sent,5d025560fd26e33243bc5f92,2020-03-09 00:00:00,2020-03-09,
5e6645206a46f84e73af054a,sent,5e3072f27ba2f4719ceb4d90,2020-03-09 00:00:00,2020-03-09,
5e66446e6a46f84e73af0549,sent,5e3072f27ba2f4719ceb4d90,2020-03-09 00:00:00,2020-03-09,
5e65f3586a46f84e73af050d,shown,5e3072f27ba2f4719ceb4d90,2020-03-09 00:00:00,2021-12-01,2020-03-09
5e626aca6a46f84e73af0323,shown,5e3072f27ba2f4719ceb4d90,2020-03-06 00:00:00,2021-12-01,2020-03-07
5e623cc56a46f84e73af02d9,shown,5e3072f27ba2f4719ceb4d90,2020-03-06 00:00:00,2021-12-01,2020-03-10
5e6138656a46f84e73af0203,sent,5e3072f27ba2f4719ceb4d90,2020-03-05 00:00:00,2020-03-05,
5e6109b46a46f84e73af01de,sent,5e3072f27ba2f4719ceb4d90,2020-03-05 00:00:00,2020-03-05,
5e5d2f9a011e2b7c8fe78d20,sent,5e3072f27ba2f4719ceb4d90,2020-03-02 00:00:00,2020-03-02,
5e5914c6011e2b7c8fe78ac8,sent,5e56579970b3466dc489a450,2020-02-28 00:00:00,2020-02-28,
5e59147d011e2b7c8fe78ac7,shown,5e56579970b3466dc489a450,2020-02-28 00:00:00,2020-03-01,2020-03-01
5e58ccf1011e2b7c8fe78a84,sent,5e58c382011e2b7c8fe78a71,2020-02-28 00:00:00,2020-02-28,
5e58ccae011e2b7c8fe78a83,sent,5e58c382011e2b7c8fe78a71,2020-02-28 00:00:00,2020-02-28,
5e58cc82011e2b7c8fe78a82,hidden,5e58c382011e2b7c8fe78a71,2020-02-28 00:00:00,2020-03-04,2020-03-04
5e58cbf9011e2b7c8fe78a80,sent,5e58c382011e2b7c8fe78a71,2020-02-28 00:00:00,2020-02-28,
5e4eb582b37c604d37272a65,shown,5e3072f27ba2f4719ceb4d90,2020-02-20 00:00:00,2021-12-01,2020-03-09
5e4eb4feb37c604d37272a64,shown,5e3072f27ba2f4719ceb4d90,2020-02-20 00:00:00,2021-12-01,2020-02-27
5e4eb1a7b37c604d37272a5a,sent,5e3072f27ba2f4719ceb4d90,2020-02-20 00:00:00,2020-02-20,
5e4e773eb37c604d37272a2b,shown,5e3072f27ba2f4719ceb4d90,2020-02-20 00:00:00,2021-12-01,2020-02-20
5e4af04249436c514146f815,sent,5e3f1004cb525c5678ecbb3d,2020-02-17 00:00:00,2020-02-17,
5e442373cb525c5678ecbee4,shown,5e38614fb10daf306ef8ea43,2020-02-12 00:00:00,2020-02-12,2020-02-12
5e413074cb525c5678ecbc79,sent,5e38614fb10daf306ef8ea43,2020-02-10 00:00:00,2020-02-10,
5e3864d5b10daf306ef8ea4e,shown,5e38614fb10daf306ef8ea43,2020-02-03 00:00:00,2020-02-04,2020-02-04
5e3864aab10daf306ef8ea4d,sent,5e38614fb10daf306ef8ea43,2020-02-03 00:00:00,2020-02-03,
5e38646fb10daf306ef8ea4c,shown,5e38614fb10daf306ef8ea43,2020-02-03 00:00:00,2020-02-05,2020-02-05
5e3863edb10daf306ef8ea4b,sent,5e38614fb10daf306ef8ea43,2020-02-03 00:00:00,2020-02-03,
5e386350b10daf306ef8ea4a,shown,5e38614fb10daf306ef8ea43,2020-02-03 00:00:00,2020-02-29,2020-02-28
5e3862a1b10daf306ef8ea48,sent,5e38614fb10daf306ef8ea43,2020-02-03 00:00:00,2020-02-03,
5e38628eb10daf306ef8ea47,sent,5e38614fb10daf306ef8ea43,2020-02-03 00:00:00,2020-02-03,
5e386274b10daf306ef8ea46,sent,5e38614fb10daf306ef8ea43,2020-02-03 00:00:00,2020-02-03,
5e3806997ba2f4719ceb522a,sent,5e38002a7ba2f4719ceb521e,2020-02-03 00:00:00,2020-02-03,
5e3806487ba2f4719ceb5229,sent,5e38002a7ba2f4719ceb521e,2020-02-03 00:00:00,2020-02-03,
5e31e9977ba2f4719ceb4ea2,sent,5dee61f2bc9b417d5cf6364c,2020-01-29 00:00:00,2020-01-29,
5e31ce1e7ba2f4719ceb4e9a,sent,5dee61f2bc9b417d5cf6364c,2020-01-29 00:00:00,2020-01-29,
5e31cd447ba2f4719ceb4e99,sent,5dee61f2bc9b417d5cf6364c,2020-01-29 00:00:00,2020-01-29,
5e31cc877ba2f4719ceb4e98,shown,5dee61f2bc9b417d5cf6364c,2020-01-29 00:00:00,2020-01-29,2020-01-29
5e31cc1b7ba2f4719ceb4e97,shown,5dee61f2bc9b417d5cf6364c,2020-01-29 00:00:00,2020-02-03,2020-02-03
5e2ec9687ba2f4719ceb4c33,sent,5e2ea7207ba2f4719ceb4c02,2020-01-27 00:00:00,2020-01-27,
5e29af717ba2f4719ceb490b,sent,5e29a4f17ba2f4719ceb4906,2020-01-23 00:00:00,2020-01-23,
5e27170a36df8a566356d7a3,shown,5def64c2bc9b417d5cf6366f,2020-01-21 00:00:00,2020-01-29,2020-01-29
5e2464fa1b441520ee74885d,sent,5def64c2bc9b417d5cf6366f,2020-01-19 00:00:00,2020-01-19,
5e21943b1b441520ee74881e,shown,5de7e1fa9209a135389958c2,2020-01-17 00:00:00,2020-01-30,2020-01-30
5e2193951b441520ee74881d,shown,5de7e1fa9209a135389958c2,2020-01-17 00:00:00,2020-02-04,2020-02-03
5e2068fc1b441520ee748806,sent,5c9c8633d10aab0a4c954de5,2020-01-16 00:00:00,2020-01-16,
5e20689a1b441520ee748805,shown,5c9c8633d10aab0a4c954de5,2020-01-16 00:00:00,2020-01-16,2020-01-16
5e2068701b441520ee748804,sent,5c9c8633d10aab0a4c954de5,2020-01-16 00:00:00,2020-01-16,
5e20684a1b441520ee748803,shown,5c9c8633d10aab0a4c954de5,2020-01-16 00:00:00,2020-01-21,2020-01-20
5e20681e1b441520ee748802,shown,5c9c8633d10aab0a4c954de5,2020-01-16 00:00:00,2020-01-16,2020-01-16
5e2067b81b441520ee748801,sent,5c9c8633d10aab0a4c954de5,2020-01-16 00:00:00,2020-01-16,
5e2067851b441520ee748800,shown,5c9c8633d10aab0a4c954de5,2020-01-16 00:00:00,2020-01-16,2020-01-16
5e2063aa1b441520ee7487ff,shown,5c7d29b7dee03a5fd7244082,2020-01-16 00:00:00,2020-01-16,2020-01-16
5e2034fe1b441520ee7487fc,shown,5d931c944472f16796e2af87,2020-01-16 00:00:00,2020-01-16,2020-01-16
5e1f11d81b441520ee7487e9,shown,5e0dfd1742174218cf93391d,2020-01-15 00:00:00,2020-01-16,2020-01-16
5e1dbde542174218cf933a93,shown,5df2434e89e866574615047c,2020-01-14 00:00:00,2020-01-15,2020-01-14
5e160e2842174218cf9339d9,sent,5e1600a442174218cf9339d3,2020-01-08 00:00:00,2020-01-08,
5e0f7fd842174218cf933969,shown,5daf6ea44472f16796e2b0d0,2020-01-03 00:00:00,2020-02-28,2020-01-05
5e0f7f6542174218cf933968,sent,5daf6ea44472f16796e2b0d0,2020-01-03 00:00:00,2020-01-03,
5e0f7f0542174218cf933967,sent,5daf6ea44472f16796e2b0d0,2020-01-03 00:00:00,2020-01-03,
5e0f663b42174218cf933957,shown,5de39c60e8456e13c37a97c8,2020-01-03 00:00:00,2020-01-03,2020-01-03
5e0f65e242174218cf933956,shown,5de39c60e8456e13c37a97c8,2020-01-03 00:00:00,2020-02-24,2020-01-06
5e0f056142174218cf933934,shown,5e0f021942174218cf933932,2020-01-03 00:00:00,2022-04-04,2020-01-14
5e0e040b42174218cf933921,sent,5e0dfd1742174218cf93391d,2020-01-02 00:00:00,2020-01-02,
5e0e03ff42174218cf933920,sent,5e0dfd1742174218cf93391d,2020-01-02 00:00:00,2020-01-02,
5e0dcf8b42174218cf933916,sent,5c73c8324d9bb55da5dbd83c,2020-01-02 00:00:00,2020-01-02,
5dfe439b42174218cf933881,sent,5de126ece8456e13c37a97aa,2019-11-21 00:00:00,2019-12-21,
5dfcafd242174218cf933871,sent,5c7d29b7dee03a5fd7244082,2019-11-20 00:00:00,2019-12-20,
5dfca77042174218cf93386d,sent,5de126ece8456e13c37a97aa,2019-11-20 00:00:00,2019-12-20,
5dfa0dda89e8665746150507,sent,5df9e63b89e8665746150504,2019-11-18 00:00:00,2019-12-18,
5df9466189e8665746150501,sent,5df2434e89e866574615047c,2019-11-17 00:00:00,2019-12-17,
5df7fc4589e86657461504ea,sent,5df2434e89e866574615047c,2019-11-16 00:00:00,2019-12-16,
5df7fbfb89e86657461504e9,sent,5df2434e89e866574615047c,2019-11-16 00:00:00,2019-12-16,
5df2077389e866574615046f,sent,5df161ae89e8665746150468,2019-11-12 00:00:00,2019-12-12,
5ded12059209a1353899591d,shown,5da0e2bf4472f16796e2b04a,2019-11-08 00:00:00,2019-12-08,2019-12-08
5dea47199209a135389958f1,shown,5c7d29b7dee03a5fd7244082,2019-11-06 00:00:00,2020-01-16,2020-01-10
5de8c10a9209a135389958c9,shown,5de4c5b5e8456e13c37a97d2,2019-11-05 00:00:00,2019-12-05,2019-12-05
5de7d2039209a135389958c0,sent,5de7c4e59209a135389958bb,2019-11-04 00:00:00,2019-12-04,
5de7d1ed9209a135389958bf,sent,5de7c4e59209a135389958bb,2019-11-04 00:00:00,2019-12-04,
5de7866c9209a135389958b3,shown,5de77fa39209a135389958b2,2019-11-04 00:00:00,2019-12-04,2019-12-04
5de4c7abe8456e13c37a97d4,hidden,5de4c5b5e8456e13c37a97d2,2019-11-02 00:00:00,2019-12-02,
5ddfb2e339aed1787a26d9c7,sent,5db1b1704472f16796e2b101,2019-10-28 00:00:00,2019-11-28,
5dde9b29b9bce1247ed95acc,sent,5c7d29b7dee03a5fd7244082,2019-10-27 00:00:00,2019-11-27,
5dde8783b9bce1247ed95aba,sent,5dd64d397c188c7874a9d4ff,2019-10-27 00:00:00,2019-11-27,
5dd671ef7c188c7874a9d506,shown,5cb6fc24d10aab0a4c954e36,2019-10-21 00:00:00,2019-11-21,2019-11-21
5dd66a117c188c7874a9d504,shown,5d791e564472f16796e2ae72,2019-10-21 00:00:00,2020-01-20,2020-01-20
5dd669da7c188c7874a9d503,shown,5d791e564472f16796e2ae72,2019-10-21 00:00:00,2019-12-02,2019-12-01
5dd669ba7c188c7874a9d502,shown,5d791e564472f16796e2ae72,2019-10-21 00:00:00,2019-11-21,2019-12-24
5dd26bac95b17d1ca50828bd,sent,5dd26a0995b17d1ca50828bc,2019-10-18 00:00:00,2019-11-18,
5dd19ce695b17d1ca5082898,sent,5d98c2654472f16796e2afd5,2019-10-17 00:00:00,2019-11-17,
5dd19b7495b17d1ca5082894,sent,5d98c2654472f16796e2afd5,2019-10-17 00:00:00,2019-11-17,
5dd19b2895b17d1ca5082892,sent,5d98c2654472f16796e2afd5,2019-10-17 00:00:00,2019-11-17,
5dd19ae095b17d1ca5082891,sent,5d98c2654472f16796e2afd5,2019-10-17 00:00:00,2019-11-17,
5dd19a8e95b17d1ca5082890,sent,5d98c2654472f16796e2afd5,2019-10-17 00:00:00,2019-11-17,
5dd19a3395b17d1ca508288f,sent,5d98c2654472f16796e2afd5,2019-10-17 00:00:00,2019-11-17,
5dd199a595b17d1ca508288e,sent,5d98c2654472f16796e2afd5,2019-10-17 00:00:00,2019-11-17,
5dd197c795b17d1ca508288d,sent,5d98c2654472f16796e2afd5,2019-10-17 00:00:00,2019-11-17,
5dd1975395b17d1ca508288c,sent,5d98c2654472f16796e2afd5,2019-10-17 00:00:00,2019-11-17,
5dd1970d95b17d1ca508288b,sent,5d98c2654472f16796e2afd5,2019-10-17 00:00:00,2019-11-17,
5dd1969e95b17d1ca508288a,sent,5d98c2654472f16796e2afd5,2019-10-17 00:00:00,2019-11-17,
5dd1941495b17d1ca5082889,sent,5d98c2654472f16796e2afd5,2019-10-17 00:00:00,2019-11-17,
5dd1870895b17d1ca5082887,shown,5d98c2654472f16796e2afd5,2019-10-17 00:00:00,2019-11-17,2019-11-17
5dcea70095b17d1ca5082810,sent,5dcd2e9195b17d1ca50827c4,2019-10-15 00:00:00,2019-11-15,
5dcea58295b17d1ca508280f,sent,5dcd2e9195b17d1ca50827c4,2019-10-15 00:00:00,2019-11-15,
5dcea52a95b17d1ca508280e,sent,5dcd2e9195b17d1ca50827c4,2019-10-15 00:00:00,2019-11-15,
5dcd69ab95b17d1ca50827da,shown,5dcd2e9195b17d1ca50827c4,2019-10-14 00:00:00,2019-11-21,2019-11-21
5dc827eff6a7d233588a5f2b,shown,5d7f78694472f16796e2aeab,2019-10-10 00:00:00,2019-11-15,2019-11-12
5dc08a51f6a7d233588a5ef7,sent,5daf6ea44472f16796e2b0d0,2019-10-04 00:00:00,2019-11-04,
5dc054dff6a7d233588a5eed,sent,5c7d29b7dee03a5fd7244082,2019-10-04 00:00:00,2019-11-04,
5dbffe1df6a7d233588a5ecd,sent,5d752f484472f16796e2ae51,2019-10-04 00:00:00,2019-11-04,
5dbfe4d1f6a7d233588a5ec8,sent,5d888a674472f16796e2aef6,2019-10-04 00:00:00,2019-11-04,
5dbf204df6a7d233588a5ec1,sent,5cfe2a0dfd26e33243bc5f52,2019-10-03 00:00:00,2019-11-03,
5dbb18c5f6a7d233588a5eb6,sent,5db1b1704472f16796e2b101,31/010/2019,2019-10-31,
5dbb0e6cf6a7d233588a5eb0,shown,5cfe2a0dfd26e33243bc5f52,31/010/2019,2019-11-04,2019-11-04
5dbaef56f6a7d233588a5eae,shown,5d52d63f2ddad254078719c3,31/010/2019,2021-07-27,2019-11-04
5dbaeeeff6a7d233588a5ead,sent,5d52d63f2ddad254078719c3,31/010/2019,2019-10-31,
5dbaecf2f6a7d233588a5eab,shown,5d52d63f2ddad254078719c3,31/010/2019,2021-07-27,2019-11-01
5db74ebcf6a7d233588a5e9f,sent,5da0e2bf4472f16796e2b04a,28/010/2019,2019-10-28,
5db464444472f16796e2b118,shown,5db455884472f16796e2b116,26/010/2019,2019-10-27,2019-10-27
5db463f64472f16796e2b117,shown,5db455884472f16796e2b116,26/010/2019,2019-10-27,2019-10-26
5db3356c4472f16796e2b113,sent,5d791e564472f16796e2ae72,25/010/2019,2019-10-25,
5db2c4484472f16796e2b10c,shown,5da0e2bf4472f16796e2b04a,25/010/2019,2019-11-04,2019-11-04
5db1da254472f16796e2b104,shown,5c73c8324d9bb55da5dbd83c,24/010/2019,2019-10-25,2019-10-25
5db166374472f16796e2b0f8,sent,5d7f78694472f16796e2aeab,24/010/2019,2019-10-24,
5db165944472f16796e2b0f7,shown,5d7f78694472f16796e2aeab,24/010/2019,2019-11-28,2019-11-25
5db165674472f16796e2b0f6,sent,5d7f78694472f16796e2aeab,24/010/2019,2019-10-24,
5db1655e4472f16796e2b0f5,sent,5d7f78694472f16796e2aeab,24/010/2019,2019-10-24,
5db165344472f16796e2b0f4,sent,5d7f78694472f16796e2aeab,24/010/2019,2019-10-24,
5db1633b4472f16796e2b0f1,sent,5d7f78694472f16796e2aeab,24/010/2019,2019-10-24,
5db163194472f16796e2b0f0,sent,5d7f78694472f16796e2aeab,24/010/2019,2019-10-24,
5db162db4472f16796e2b0ef,sent,5d7f78694472f16796e2aeab,24/010/2019,2019-10-24,
5db162cc4472f16796e2b0ee,sent,5d7f78694472f16796e2aeab,24/010/2019,2019-10-24,
5db162974472f16796e2b0ed,sent,5d7f78694472f16796e2aeab,24/010/2019,2019-10-24,
5db1627c4472f16796e2b0ec,shown,5d7f78694472f16796e2aeab,24/010/2019,2019-11-15,2019-11-13
5db162574472f16796e2b0eb,sent,5d7f78694472f16796e2aeab,24/010/2019,2019-10-24,
5db1622b4472f16796e2b0ea,shown,5d7f78694472f16796e2aeab,24/010/2019,2019-11-04,2019-11-04
5db1620a4472f16796e2b0e9,shown,5d7f78694472f16796e2aeab,24/010/2019,2019-10-28,2019-10-28
5dad7b7d4472f16796e2b0b0,sent,5d78a90e4472f16796e2ae6a,21/010/2019,2019-10-21,
5dad7b534472f16796e2b0af,sent,5d78a90e4472f16796e2ae6a,21/010/2019,2019-10-21,
5dad7b1b4472f16796e2b0ae,sent,5d78a90e4472f16796e2ae6a,21/010/2019,2019-10-21,
5dad7adc4472f16796e2b0ad,sent,5d78a90e4472f16796e2ae6a,21/010/2019,2019-10-21,
5da9bee04472f16796e2b097,sent,5d2353742ddad254078717ef,18/010/2019,2019-10-18,
5da999984472f16796e2b094,shown,5d7ff5284472f16796e2aec5,18/010/2019,2023-04-24,2019-10-21
5da88a154472f16796e2b090,sent,5d752f484472f16796e2ae51,17/010/2019,2019-10-17,
5da87f554472f16796e2b08e,sent,5d931c944472f16796e2af87,17/010/2019,2019-10-17,
5da87d834472f16796e2b08d,sent,5d931c944472f16796e2af87,17/010/2019,2019-10-17,
5da87d1d4472f16796e2b08b,shown,5d931c944472f16796e2af87,17/010/2019,2019-12-12,2019-10-22
5da876784472f16796e2b089,shown,5d931c944472f16796e2af87,17/010/2019,2019-10-17,2019-10-17
5da867844472f16796e2b086,sent,5d752f484472f16796e2ae51,17/010/2019,2019-10-17,
5da867524472f16796e2b085,sent,5d752f484472f16796e2ae51,17/010/2019,2019-10-17,
5da586574472f16796e2b068,shown,5d8b5ce94472f16796e2af33,15/010/2019,2019-10-15,2019-10-15
5d9f630c4472f16796e2b02e,sent,5d7ff5284472f16796e2aec5,10/010/2019,2019-10-10,
5d9f2d474472f16796e2b024,sent,5cc2c19d9420753ed13c5194,10/010/2019,2019-10-10,
5d9f2cbe4472f16796e2b023,sent,5cc2c19d9420753ed13c5194,10/010/2019,2019-10-10,
5d9f2c864472f16796e2b022,sent,5cc2c19d9420753ed13c5194,10/010/2019,2019-10-10,
5d9f2bf54472f16796e2b021,shown,5cc2c19d9420753ed13c5194,10/010/2019,2019-10-11,2019-10-11
5d9f2b924472f16796e2b020,sent,5cc2c19d9420753ed13c5194,10/010/2019,2019-10-10,
5d9f2b4f4472f16796e2b01f,sent,5cc2c19d9420753ed13c5194,10/010/2019,2019-10-10,
5d9f2a094472f16796e2b01e,shown,5cc2c19d9420753ed13c5194,10/010/2019,2019-10-10,2019-10-10
5d9f29d24472f16796e2b01d,sent,5cc2c19d9420753ed13c5194,10/010/2019,2019-10-10,
5d9f29ab4472f16796e2b01c,sent,5cc2c19d9420753ed13c5194,10/010/2019,2019-10-10,
5d9f29654472f16796e2b01b,sent,5cc2c19d9420753ed13c5194,10/010/2019,2019-10-10,
5d9f291c4472f16796e2b01a,sent,5cc2c19d9420753ed13c5194,10/010/2019,2019-10-10,
5d9f28f94472f16796e2b019,sent,5cc2c19d9420753ed13c5194,10/010/2019,2019-10-10,
5d9f28b44472f16796e2b018,sent,5cc2c19d9420753ed13c5194,10/010/2019,2019-10-10,
5d9f28204472f16796e2b017,shown,5cc2c19d9420753ed13c5194,10/010/2019,2019-10-10,2019-10-10
5d9f27d84472f16796e2b016,sent,5cc2c19d9420753ed13c5194,10/010/2019,2019-10-10,
5d98574f4472f16796e2afd2,shown,5d8bb5bb4472f16796e2af40,05/010/2019,2019-10-05,2019-10-05
5d9707224472f16796e2afc1,sent,5d6a3c25d157c058dfecd278,04/010/2019,2019-10-04,
5d9706e34472f16796e2afc0,shown,5d6a3c25d157c058dfecd278,04/010/2019,2019-10-07,2019-10-07
5d9706af4472f16796e2afbf,shown,5d6a3c25d157c058dfecd278,04/010/2019,2019-10-08,2019-10-08
5d97068e4472f16796e2afbe,sent,5d6a3c25d157c058dfecd278,04/010/2019,2019-10-04,
5d97066a4472f16796e2afbd,sent,5d6a3c25d157c058dfecd278,04/010/2019,2019-10-04,
5d97063f4472f16796e2afbc,sent,5d6a3c25d157c058dfecd278,04/010/2019,2019-10-04,
5d96f9b94472f16796e2afbb,shown,5d3acc072ddad254078718ea,04/010/2019,2019-10-29,2019-10-28
5d95c34e4472f16796e2afa2,shown,5d3acc072ddad254078718ea,03/010/2019,2019-10-04,2019-10-04
5d95bc7e4472f16796e2af9f,sent,5d3acc072ddad254078718ea,03/010/2019,2019-10-03,
5d95b8404472f16796e2af9d,shown,5d3acc072ddad254078718ea,03/010/2019,2019-10-03,2019-10-03
5d9367b34472f16796e2af93,sent,5d92fc2f4472f16796e2af83,01/010/2019,2019-10-01,
5d93620d4472f16796e2af92,sent,5d92fc2f4472f16796e2af83,01/010/2019,2019-10-01,
5d9361ce4472f16796e2af91,sent,5d92fc2f4472f16796e2af83,01/010/2019,2019-10-01,
5d9361674472f16796e2af90,sent,5d92fc2f4472f16796e2af83,01/010/2019,2019-10-01,
5d935fae4472f16796e2af8f,sent,5d92fc2f4472f16796e2af83,01/010/2019,2019-10-01,
5d935f374472f16796e2af8e,sent,5d92fc2f4472f16796e2af83,01/010/2019,2019-10-01,
5d935ef94472f16796e2af8d,shown,5d92fc2f4472f16796e2af83,01/010/2019,2019-10-02,2019-10-02
5d8f6e304472f16796e2af6b,shown,5d78ca6d4472f16796e2ae6d,2019-09-28 00:00:00,2019-09-28,2019-09-28
5d8f5fff4472f16796e2af6a,sent,5d752f484472f16796e2ae51,2019-09-28 00:00:00,2019-09-28,
5d8e11324472f16796e2af67,sent,5d7664394472f16796e2ae5d,2019-09-27 00:00:00,2019-09-27,
5d8e10ad4472f16796e2af66,sent,5d7664394472f16796e2ae5d,2019-09-27 00:00:00,2019-09-27,
5d8e10774472f16796e2af65,shown,5d7664394472f16796e2ae5d,2019-09-27 00:00:00,2019-09-27,2019-09-27
5d8e103b4472f16796e2af64,sent,5d7664394472f16796e2ae5d,2019-09-27 00:00:00,2019-09-27,
5d8e0fca4472f16796e2af63,sent,5d7664394472f16796e2ae5d,2019-09-27 00:00:00,2019-09-27,
5d8bc63e4472f16796e2af48,shown,5d8bb5bb4472f16796e2af40,2019-09-25 00:00:00,2019-10-01,2019-10-01
5d8bc6314472f16796e2af47,sent,5d8bb5bb4472f16796e2af40,2019-09-25 00:00:00,2019-09-25,
5d8bc6214472f16796e2af46,shown,5d8bb5bb4472f16796e2af40,2019-09-25 00:00:00,2019-10-05,2019-10-05
5d8bc6124472f16796e2af45,shown,5d8bb5bb4472f16796e2af40,2019-09-25 00:00:00,2019-09-25,2019-09-25
5d8bc5fe4472f16796e2af44,shown,5d8bb5bb4472f16796e2af40,2019-09-25 00:00:00,2019-10-01,2019-10-01
5d8bc5e74472f16796e2af43,shown,5d8bb5bb4472f16796e2af40,2019-09-25 00:00:00,2019-09-25,2019-09-25
5d8bc5c44472f16796e2af42,shown,5d8bb5bb4472f16796e2af40,2019-09-25 00:00:00,2019-09-25,2019-09-25
5d8b54a94472f16796e2af31,sent,5d752f484472f16796e2ae51,2019-09-25 00:00:00,2019-09-25,
5d7f84834472f16796e2aeb6,shown,5d752f484472f16796e2ae51,2019-09-16 00:00:00,2019-09-22,2019-09-21
5d7f23a04472f16796e2aea7,shown,5d78ca6d4472f16796e2ae6d,2019-09-16 00:00:00,2019-09-25,2019-09-17
5d7f23644472f16796e2aea6,sent,5d78ca6d4472f16796e2ae6d,2019-09-16 00:00:00,2019-09-16,
5d7bae6b4472f16796e2ae9a,shown,5d752f484472f16796e2ae51,2019-09-13 00:00:00,2019-10-01,2019-10-01
5d7bae0a4472f16796e2ae99,sent,5d752f484472f16796e2ae51,2019-09-13 00:00:00,2019-09-13,
5d7ba1484472f16796e2ae98,shown,5d752f484472f16796e2ae51,2019-09-13 00:00:00,2019-09-13,2019-09-13
5d7ba07b4472f16796e2ae97,sent,5d752f484472f16796e2ae51,2019-09-13 00:00:00,2019-09-13,
5d7b9e4b4472f16796e2ae96,sent,5d752f484472f16796e2ae51,2019-09-13 00:00:00,2019-09-13,
5d7b9e174472f16796e2ae95,shown,5d752f484472f16796e2ae51,2019-09-13 00:00:00,2019-09-16,2019-09-14
5d7b9dc04472f16796e2ae94,sent,5d752f484472f16796e2ae51,2019-09-13 00:00:00,2019-09-13,
5d7b9d9e4472f16796e2ae93,shown,5d752f484472f16796e2ae51,2019-09-13 00:00:00,2019-09-16,2019-09-16
5d7b9d7f4472f16796e2ae92,shown,5d752f484472f16796e2ae51,2019-09-13 00:00:00,2019-09-20,2019-09-20
5d7b9d1f4472f16796e2ae91,sent,5d752f484472f16796e2ae51,2019-09-13 00:00:00,2019-09-13,
5d7b9cfd4472f16796e2ae90,sent,5d752f484472f16796e2ae51,2019-09-13 00:00:00,2019-09-13,
5d7b9ce04472f16796e2ae8f,sent,5d752f484472f16796e2ae51,2019-09-13 00:00:00,2019-09-13,
5d7b9c984472f16796e2ae8e,shown,5d752f484472f16796e2ae51,2019-09-13 00:00:00,2019-09-17,2019-09-16
5d7b9c794472f16796e2ae8d,sent,5d752f484472f16796e2ae51,2019-09-13 00:00:00,2019-09-13,
5d7b9c324472f16796e2ae8c,shown,5d752f484472f16796e2ae51,2019-09-13 00:00:00,2019-09-16,2019-09-16
5d79230b4472f16796e2ae75,shown,5d6685f1d157c058dfecd25b,2019-09-11 00:00:00,2019-09-12,2019-09-12
5d778ae34472f16796e2ae62,sent,5d6685f1d157c058dfecd25b,2019-09-10 00:00:00,2019-09-10,
5d6f7af689fd4c47b99636cd,hidden,5d025560fd26e33243bc5f92,2019-09-04 00:00:00,2020-11-13,2019-09-04
5d694175d157c058dfecd274,sent,5d68c287d157c058dfecd26f,2019-08-30 00:00:00,2019-08-30,
5d694159d157c058dfecd273,sent,5d68c287d157c058dfecd26f,2019-08-30 00:00:00,2019-08-30,
5d694131d157c058dfecd272,shown,5d68c287d157c058dfecd26f,2019-08-30 00:00:00,2019-08-31,2019-08-31
5d63a531d157c058dfecd23c,sent,5d5a5f0bd157c058dfecd1e2,2019-08-26 00:00:00,2019-08-26,
5d63a516d157c058dfecd23b,sent,5d5a5f0bd157c058dfecd1e2,2019-08-26 00:00:00,2019-08-26,
5d63a507d157c058dfecd23a,shown,5d5a5f0bd157c058dfecd1e2,2019-08-26 00:00:00,2019-08-26,2019-08-26
5d63a4f3d157c058dfecd239,sent,5d5a5f0bd157c058dfecd1e2,2019-08-26 00:00:00,2019-08-26,
5d63a4d3d157c058dfecd238,sent,5d5a5f0bd157c058dfecd1e2,2019-08-26 00:00:00,2019-08-26,
5d63a4b2d157c058dfecd237,sent,5d5a5f0bd157c058dfecd1e2,2019-08-26 00:00:00,2019-08-26,
5d63a490d157c058dfecd236,sent,5d5a5f0bd157c058dfecd1e2,2019-08-26 00:00:00,2019-08-26,
5d63a401d157c058dfecd235,sent,5d5a5f0bd157c058dfecd1e2,2019-08-26 00:00:00,2019-08-26,
5d63a3d6d157c058dfecd234,sent,5d5a5f0bd157c058dfecd1e2,2019-08-26 00:00:00,2019-08-26,
5d63a39fd157c058dfecd233,shown,5d5a5f0bd157c058dfecd1e2,2019-08-26 00:00:00,2019-08-26,2019-08-26
5d63a379d157c058dfecd232,sent,5d5a5f0bd157c058dfecd1e2,2019-08-26 00:00:00,2019-08-26,
5d5e74d4d157c058dfecd219,shown,5c615813ea9407248fdd43a6,2019-08-22 00:00:00,2019-08-27,2019-08-27
5d5d1174d157c058dfecd1ff,sent,5d445ab02ddad2540787193b,2019-08-21 00:00:00,2019-08-21,
5d5d112fd157c058dfecd1fe,sent,5d445ab02ddad2540787193b,2019-08-21 00:00:00,2019-08-21,
5d5d10dfd157c058dfecd1fd,sent,5d445ab02ddad2540787193b,2019-08-21 00:00:00,2019-08-21,
5d527b692ddad254078719bc,shown,5c615813ea9407248fdd43a6,2019-08-13 00:00:00,2019-08-22,2019-08-22
5d4a94512ddad25407871959,sent,5d1a28512ddad2540787178d,2019-08-07 00:00:00,2019-08-07,
5d4a93f82ddad25407871958,sent,5d1a28512ddad2540787178d,2019-08-07 00:00:00,2019-08-07,
5d4a92b22ddad25407871956,sent,5d1a28512ddad2540787178d,2019-08-07 00:00:00,2019-08-07,
5d3c4e4d2ddad254078718fb,sent,5d3c4ca62ddad254078718f7,2019-07-27 00:00:00,2019-07-27,
5d3a024c2ddad254078718d7,hidden,5ba39b4b48b26d4df25496fe,2019-07-25 00:00:00,2019-07-29,2019-07-29
5d384f502ddad254078718bf,sent,5cf4ea75b0c8341cdddda1c9,2019-07-24 00:00:00,2019-07-24,
5d384f182ddad254078718be,sent,5cf4ea75b0c8341cdddda1c9,2019-07-24 00:00:00,2019-07-24,
5d384ee82ddad254078718bd,sent,5cf4ea75b0c8341cdddda1c9,2019-07-24 00:00:00,2019-07-24,
5d384ebd2ddad254078718bc,sent,5cf4ea75b0c8341cdddda1c9,2019-07-24 00:00:00,2019-07-24,
5d384e8e2ddad254078718bb,sent,5cf4ea75b0c8341cdddda1c9,2019-07-24 00:00:00,2019-07-24,
5d384e5e2ddad254078718ba,sent,5cf4ea75b0c8341cdddda1c9,2019-07-24 00:00:00,2019-07-24,
5d384e232ddad254078718b9,sent,5cf4ea75b0c8341cdddda1c9,2019-07-24 00:00:00,2019-07-24,
5d384de12ddad254078718b8,sent,5cf4ea75b0c8341cdddda1c9,2019-07-24 00:00:00,2019-07-24,
5d384dab2ddad254078718b7,sent,5cf4ea75b0c8341cdddda1c9,2019-07-24 00:00:00,2019-07-24,
5d384d6c2ddad254078718b6,sent,5cf4ea75b0c8341cdddda1c9,2019-07-24 00:00:00,2019-07-24,
5d384d2f2ddad254078718b5,shown,5cf4ea75b0c8341cdddda1c9,2019-07-24 00:00:00,2019-07-28,2019-07-27
5d384cde2ddad254078718b4,sent,5cf4ea75b0c8341cdddda1c9,2019-07-24 00:00:00,2019-07-24,
5d384ca52ddad254078718b3,sent,5cf4ea75b0c8341cdddda1c9,2019-07-24 00:00:00,2019-07-24,
5d384c692ddad254078718b2,shown,5cf4ea75b0c8341cdddda1c9,2019-07-24 00:00:00,2019-07-26,2019-07-25
5d384c132ddad254078718b1,sent,5cf4ea75b0c8341cdddda1c9,2019-07-24 00:00:00,2019-07-24,
5d36e5342ddad2540787189c,sent,5c5853d5ea9407248fdd4364,2019-07-23 00:00:00,2019-07-23,
5d36e4e22ddad2540787189a,sent,5c5853d5ea9407248fdd4364,2019-07-23 00:00:00,2019-07-23,
5d36e48d2ddad25407871899,sent,5c5853d5ea9407248fdd4364,2019-07-23 00:00:00,2019-07-23,
5d308c782ddad25407871865,sent,5cf8d77db0c8341cdddda20b,2019-07-18 00:00:00,2019-07-18,
5d308b0a2ddad25407871864,sent,5cf8d77db0c8341cdddda20b,2019-07-18 00:00:00,2019-07-18,
5d3041d42ddad25407871860,sent,5ceba290b0c8341cdddda145,2019-07-18 00:00:00,2019-07-18,
5d25d4912ddad2540787180f,shown,5d24dae32ddad25407871802,2019-07-10 00:00:00,2019-07-17,2019-07-10
5d2315022ddad254078717ed,shown,5d2309c42ddad254078717ea,2019-07-08 00:00:00,2019-07-29,2019-07-26
5d2314352ddad254078717ec,sent,5d2309c42ddad254078717ea,2019-07-08 00:00:00,2019-07-08,
5d2313f92ddad254078717eb,sent,5d2309c42ddad254078717ea,2019-07-08 00:00:00,2019-07-08,
5d1cc9eb2ddad254078717ce,sent,5cf61cccb0c8341cdddda1d9,2019-07-03 00:00:00,2019-07-03,
5d1cc9532ddad254078717cd,shown,5cf61cccb0c8341cdddda1d9,2019-07-03 00:00:00,2019-09-13,2019-08-23
5d1cc9282ddad254078717cc,sent,5cf61cccb0c8341cdddda1d9,2019-07-03 00:00:00,2019-07-03,
5d1cc8fc2ddad254078717cb,sent,5cf61cccb0c8341cdddda1d9,2019-07-03 00:00:00,2019-07-03,
5d1cc89b2ddad254078717ca,shown,5cf61cccb0c8341cdddda1d9,2019-07-03 00:00:00,2019-09-13,2019-09-04
5d1cc8732ddad254078717c9,sent,5cf61cccb0c8341cdddda1d9,2019-07-03 00:00:00,2019-07-03,
5d1cc84e2ddad254078717c8,sent,5cf61cccb0c8341cdddda1d9,2019-07-03 00:00:00,2019-07-03,
5d1cc8292ddad254078717c7,shown,5cf61cccb0c8341cdddda1d9,2019-07-03 00:00:00,2019-09-13,2019-07-03
5d19e32a2ddad25407871785,shown,5cc1a0649420753ed13c518e,2019-07-01 00:00:00,2019-07-11,2019-07-08
5d1479b12ddad25407871767,shown,5c4afae2c4c39323bc6a57b1,2019-06-27 00:00:00,2019-06-27,2019-06-27
5d0cec9efd26e33243bc6004,sent,5c55baacea9407248fdd434d,2019-06-21 00:00:00,2019-06-21,
5d0cebf4fd26e33243bc6003,shown,5c55baacea9407248fdd434d,2019-06-21 00:00:00,2019-07-13,2019-07-13
5d0cebb9fd26e33243bc6002,sent,5c55baacea9407248fdd434d,2019-06-21 00:00:00,2019-06-21,
5d0ceb85fd26e33243bc6001,shown,5c55baacea9407248fdd434d,2019-06-21 00:00:00,2019-06-21,2019-06-21
5d078f2afd26e33243bc5fcf,sent,5ce3fbcfb0c8341cdddda0d1,2019-06-17 00:00:00,2019-06-17,
5d076a0ffd26e33243bc5fca,shown,5cdd806a44870d61541d68c2,2019-06-17 00:00:00,2019-06-27,2019-06-26
5d025d8cfd26e33243bc5f9b,sent,5c73c8324d9bb55da5dbd83c,2019-06-13 00:00:00,2019-06-13,
5d025131fd26e33243bc5f91,shown,5c4afae2c4c39323bc6a57b1,2019-06-13 00:00:00,2019-06-14,2019-06-13
5d02467dfd26e33243bc5f8a,sent,5ceba290b0c8341cdddda145,2019-06-13 00:00:00,2019-06-13,
5cfa7fc5b0c8341cdddda236,sent,5cb48968d10aab0a4c954e2a,2019-06-07 00:00:00,2019-06-07,
5cfa7df9b0c8341cdddda235,shown,5cb48968d10aab0a4c954e2a,2019-06-07 00:00:00,2019-06-13,2019-06-13
5cfa7b35b0c8341cdddda234,sent,5cb48968d10aab0a4c954e2a,2019-06-07 00:00:00,2019-06-07,
5cfa7893b0c8341cdddda232,shown,5cb48968d10aab0a4c954e2a,2019-06-07 00:00:00,2019-06-11,2019-06-11
5cfa7867b0c8341cdddda231,sent,5cb48968d10aab0a4c954e2a,2019-06-07 00:00:00,2019-06-07,
5cfa782fb0c8341cdddda230,sent,5cb48968d10aab0a4c954e2a,2019-06-07 00:00:00,2019-06-07,
5cfa73aab0c8341cdddda22f,sent,5cb48968d10aab0a4c954e2a,2019-06-07 00:00:00,2019-06-07,
5cfa736bb0c8341cdddda22e,sent,5cb48968d10aab0a4c954e2a,2019-06-07 00:00:00,2019-06-07,
5cf9259ab0c8341cdddda219,shown,5c4afae2c4c39323bc6a57b1,2019-06-06 00:00:00,2019-06-17,2019-06-17
5cf92578b0c8341cdddda218,sent,5c4afae2c4c39323bc6a57b1,2019-06-06 00:00:00,2019-06-06,
5cf9255db0c8341cdddda217,shown,5c4afae2c4c39323bc6a57b1,2019-06-06 00:00:00,2019-06-11,2019-06-07
5cf92530b0c8341cdddda216,shown,5c4afae2c4c39323bc6a57b1,2019-06-06 00:00:00,2019-06-27,2019-06-26
5cf9251db0c8341cdddda215,shown,5c4afae2c4c39323bc6a57b1,2019-06-06 00:00:00,2019-06-11,2019-06-07
5cf92507b0c8341cdddda214,sent,5c4afae2c4c39323bc6a57b1,2019-06-06 00:00:00,2019-06-06,
5cf924eab0c8341cdddda213,sent,5c4afae2c4c39323bc6a57b1,2019-06-06 00:00:00,2019-06-06,
5cf77f09b0c8341cdddda1f5,sent,5bf28c8a8837de33a00d28a6,2019-06-05 00:00:00,2019-06-05,
5cf77ecdb0c8341cdddda1f4,sent,5bf28c8a8837de33a00d28a6,2019-06-05 00:00:00,2019-06-05,
5ce7cc30b0c8341cdddda129,sent,5cab2f3bd10aab0a4c954e0b,2019-05-24 00:00:00,2019-05-24,
5ce7a3a1b0c8341cdddda11f,sent,5ca74730d10aab0a4c954dff,2019-05-24 00:00:00,2019-05-24,
5ce6c91cb0c8341cdddda114,shown,5cab2f3bd10aab0a4c954e0b,2019-05-23 00:00:00,2019-05-24,2019-05-24
5ce6c8dbb0c8341cdddda113,sent,5cab2f3bd10aab0a4c954e0b,2019-05-23 00:00:00,2019-05-23,
5ce6c8b0b0c8341cdddda112,sent,5cab2f3bd10aab0a4c954e0b,2019-05-23 00:00:00,2019-05-23,
5ce6c876b0c8341cdddda111,sent,5cab2f3bd10aab0a4c954e0b,2019-05-23 00:00:00,2019-05-23,
5ce6c84eb0c8341cdddda110,shown,5cab2f3bd10aab0a4c954e0b,2019-05-23 00:00:00,2019-05-24,2019-05-24
5ce6c815b0c8341cdddda10f,shown,5cab2f3bd10aab0a4c954e0b,2019-05-23 00:00:00,2019-05-24,2019-05-24
5ce6a195b0c8341cdddda0fb,shown,5ba3acee48b26d4df2549702,2019-05-23 00:00:00,2019-05-27,2019-05-24
5ce6a187b0c8341cdddda0fa,shown,5ba3acee48b26d4df2549702,2019-05-23 00:00:00,2019-05-29,2019-05-28
5ce693c3b0c8341cdddda0f9,sent,5bc77a518837de33a00d2834,2019-05-23 00:00:00,2019-05-23,
5ce692a9b0c8341cdddda0f7,shown,5bc77a518837de33a00d2834,2019-05-23 00:00:00,2019-05-27,2019-05-26
5ce2a41a44870d61541d68db,sent,5c87628bdee03a5fd72440b4,2019-05-20 00:00:00,2019-05-20,
5ce2a3fb44870d61541d68da,sent,5c87628bdee03a5fd72440b4,2019-05-20 00:00:00,2019-05-20,
5ce2a2ac44870d61541d68d9,sent,5c87628bdee03a5fd72440b4,2019-05-20 00:00:00,2019-05-20,
5ce27b5d44870d61541d68d8,sent,5ba3acee48b26d4df2549702,2019-05-20 00:00:00,2019-05-20,
5ce27ac844870d61541d68d7,shown,5ba3acee48b26d4df2549702,2019-05-20 00:00:00,2019-05-24,2019-05-23
5ce27ab644870d61541d68d6,shown,5ba3acee48b26d4df2549702,2019-05-20 00:00:00,2019-05-23,2019-05-23
5ce11ba144870d61541d68d2,sent,5ccc3dad9420753ed13c51b4,2019-05-19 00:00:00,2019-05-19,
5ce116d744870d61541d68d1,sent,5ccc3dad9420753ed13c51b4,2019-05-19 00:00:00,2019-05-19,
5cdede3144870d61541d68cd,sent,5c3c653cc4c39323bc6a571c,2019-05-17 00:00:00,2019-05-17,
5cdeddc944870d61541d68cc,hidden,5c3c653cc4c39323bc6a571c,2019-05-17 00:00:00,2019-05-21,2019-05-21
5cde5f2944870d61541d68c9,shown,5ccd70d59420753ed13c51c1,2019-05-17 00:00:00,2019-07-18,2019-07-18
5cde5ea144870d61541d68c8,shown,5ccd70d59420753ed13c51c1,2019-05-17 00:00:00,2019-05-18,2019-05-18
5cdbc3a744870d61541d68b1,sent,5bc4a282f1543204a60cb0bd,2019-05-15 00:00:00,2019-05-15,
5cd5a19d44870d61541d68a1,shown,5cb5ec4ad10aab0a4c954e2e,2019-05-10 00:00:00,2019-05-10,2019-05-10
5cd59a3f44870d61541d68a0,shown,5cd5990e44870d61541d689f,2019-05-10 00:00:00,2019-05-10,2019-05-10
5cd57d6044870d61541d689a,shown,5ca74730d10aab0a4c954dff,2019-05-10 00:00:00,2019-05-10,2019-05-10
5cd188e479c01d080a66d1cf,sent,5bc4a282f1543204a60cb0bd,2019-05-07 00:00:00,2019-05-07,
5cd1887a79c01d080a66d1ce,sent,5bc4a282f1543204a60cb0bd,2019-05-07 00:00:00,2019-05-07,
5cd1882c79c01d080a66d1cd,sent,5bc4a282f1543204a60cb0bd,2019-05-07 00:00:00,2019-05-07,
5cd187c879c01d080a66d1cc,sent,5bc4a282f1543204a60cb0bd,2019-05-07 00:00:00,2019-05-07,
5cd187bd79c01d080a66d1cb,sent,5bc4a282f1543204a60cb0bd,2019-05-07 00:00:00,2019-05-07,
5cd187ac79c01d080a66d1ca,sent,5bc4a282f1543204a60cb0bd,2019-05-07 00:00:00,2019-05-07,
5cd187a479c01d080a66d1c9,sent,5bc4a282f1543204a60cb0bd,2019-05-07 00:00:00,2019-05-07,
5cd1877f79c01d080a66d1c8,sent,5bc4a282f1543204a60cb0bd,2019-05-07 00:00:00,2019-05-07,
5cd1877179c01d080a66d1c7,shown,5bc4a282f1543204a60cb0bd,2019-05-07 00:00:00,2019-05-07,2019-05-07
5cd1876979c01d080a66d1c6,sent,5bc4a282f1543204a60cb0bd,2019-05-07 00:00:00,2019-05-07,
5cd1876079c01d080a66d1c5,sent,5bc4a282f1543204a60cb0bd,2019-05-07 00:00:00,2019-05-07,
5cd1874379c01d080a66d1c4,shown,5bc4a282f1543204a60cb0bd,2019-05-07 00:00:00,2019-05-07,2019-05-07
5cd1872a79c01d080a66d1c3,sent,5bc4a282f1543204a60cb0bd,2019-05-07 00:00:00,2019-05-07,
5cd179e179c01d080a66d1bf,sent,5bc4a282f1543204a60cb0bd,2019-05-07 00:00:00,2019-05-07,
5cceeb969420753ed13c51c7,sent,5c1e18cf6b246217f9bef7ee,2019-05-05 00:00:00,2019-05-05,
5cceea819420753ed13c51c6,sent,5c1e18cf6b246217f9bef7ee,2019-05-05 00:00:00,2019-05-05,
5cceac389420753ed13c51c5,hidden,5bc4a282f1543204a60cb0bd,2019-05-05 00:00:00,2019-05-05,2019-05-05
5cceac189420753ed13c51c4,sent,5bc4a282f1543204a60cb0bd,2019-05-05 00:00:00,2019-05-05,
5ccc758f9420753ed13c51bd,sent,5bc4a282f1543204a60cb0bd,2019-05-03 00:00:00,2019-05-03,
5ccc75709420753ed13c51bc,sent,5bc4a282f1543204a60cb0bd,2019-05-03 00:00:00,2019-05-03,
5ccc5f519420753ed13c51b9,hidden,5d025560fd26e33243bc5f92,2019-05-03 00:00:00,2020-11-13,2019-05-03
5ccc5e119420753ed13c51b8,sent,5bc4a282f1543204a60cb0bd,2019-05-03 00:00:00,2019-05-03,
5cc8522b9420753ed13c51a6,sent,5bc4a282f1543204a60cb0bd,2019-04-30 00:00:00,2019-04-30,
5cc6ca599420753ed13c51a0,sent,5bc4a282f1543204a60cb0bd,2019-04-29 00:00:00,2019-04-29,
5cc6ca449420753ed13c519f,sent,5bc4a282f1543204a60cb0bd,2019-04-29 00:00:00,2019-04-29,
5cc457139420753ed13c519c,sent,5bc5a55e8837de33a00d282e,2019-04-27 00:00:00,2019-04-27,
5cc4568d9420753ed13c519b,sent,5bc5a55e8837de33a00d282e,2019-04-27 00:00:00,2019-04-27,
5cc456439420753ed13c519a,sent,5bc5a55e8837de33a00d282e,2019-04-27 00:00:00,2019-04-27,
5cc455ff9420753ed13c5199,sent,5bc5a55e8837de33a00d282e,2019-04-27 00:00:00,2019-04-27,
5cc1ad149420753ed13c5191,sent,5bc4a282f1543204a60cb0bd,2019-04-25 00:00:00,2019-04-25,
5cc1ad0b9420753ed13c5190,sent,5bc4a282f1543204a60cb0bd,2019-04-25 00:00:00,2019-04-25,
5cb9cfab4d3b883db02122e3,sent,5bc4a282f1543204a60cb0bd,2019-04-19 00:00:00,2019-04-19,
5cb9cf764d3b883db02122e2,sent,5bc4a282f1543204a60cb0bd,2019-04-19 00:00:00,2019-04-19,
5cb9cf4e4d3b883db02122e1,sent,5bc4a282f1543204a60cb0bd,2019-04-19 00:00:00,2019-04-19,
5cb9cf004d3b883db02122e0,sent,5bc4a282f1543204a60cb0bd,2019-04-19 00:00:00,2019-04-19,
5cb9ce1a4d3b883db02122df,sent,5bc4a282f1543204a60cb0bd,2019-04-19 00:00:00,2019-04-19,
5cb9cdca4d3b883db02122de,sent,5bc4a282f1543204a60cb0bd,2019-04-19 00:00:00,2019-04-19,
5cb9cd5f4d3b883db02122dd,sent,5bc4a282f1543204a60cb0bd,2019-04-19 00:00:00,2019-04-19,
5cb9cd3c4d3b883db02122dc,sent,5bc4a282f1543204a60cb0bd,2019-04-19 00:00:00,2019-04-19,
5cb9cd1f4d3b883db02122db,sent,5bc4a282f1543204a60cb0bd,2019-04-19 00:00:00,2019-04-19,
5cb9cd0c4d3b883db02122da,sent,5bc4a282f1543204a60cb0bd,2019-04-19 00:00:00,2019-04-19,
5cb9ccf54d3b883db02122d9,sent,5bc4a282f1543204a60cb0bd,2019-04-19 00:00:00,2019-04-19,
5cb5f715d10aab0a4c954e30,sent,5cb5ec4ad10aab0a4c954e2e,2019-04-16 00:00:00,2019-04-16,
5cb5f6bed10aab0a4c954e2f,shown,5cb5ec4ad10aab0a4c954e2e,2019-04-16 00:00:00,2019-05-10,2019-05-10
5caf3032d10aab0a4c954e1e,shown,5c617b8dea9407248fdd43a8,2019-04-11 00:00:00,2019-05-03,2019-05-03
5cab60b1d10aab0a4c954e0d,sent,5c8787a4dee03a5fd72440b6,2019-04-08 00:00:00,2019-04-08,
5cab6033d10aab0a4c954e0c,sent,5c8787a4dee03a5fd72440b6,2019-04-08 00:00:00,2019-04-08,
5ca903c5d10aab0a4c954e05,sent,5c8cc6eddee03a5fd72440e8,2019-04-06 00:00:00,2019-04-06,
5ca90349d10aab0a4c954e04,shown,5c8cc6eddee03a5fd72440e8,2019-04-06 00:00:00,2019-04-10,2019-04-08
5ca31da3d10aab0a4c954df2,sent,5c617b8dea9407248fdd43a8,2019-04-02 00:00:00,2019-04-02,
5c9f69d9d10aab0a4c954dec,shown,5c76bf8a4d9bb55da5dbd845,2019-03-30 00:00:00,2019-03-30,2019-03-30
5c9b7076e114271a0693d4cb,sent,5c46fae3c4c39323bc6a5787,2019-03-27 00:00:00,2019-03-27,
5c99ff45e114271a0693d4c6,sent,5c4ad60cc4c39323bc6a57af,2019-03-26 00:00:00,2019-03-26,
5c99fefee114271a0693d4c5,sent,5c4ad60cc4c39323bc6a57af,2019-03-26 00:00:00,2019-03-26,
5c99fee3e114271a0693d4c4,sent,5c4ad60cc4c39323bc6a57af,2019-03-26 00:00:00,2019-03-26,
5c99fec6e114271a0693d4c3,shown,5c519bfcea9407248fdd431b,2019-03-26 00:00:00,2019-03-26,2019-03-26
5c99fe84e114271a0693d4c2,shown,5c4ad60cc4c39323bc6a57af,2019-03-26 00:00:00,2019-03-27,2019-03-26
5c99fe56e114271a0693d4c1,sent,5c4ad60cc4c39323bc6a57af,2019-03-26 00:00:00,2019-03-26,
5c97f1f5dee03a5fd72440fd,sent,5c97e5d3dee03a5fd72440fb,2019-03-24 00:00:00,2019-03-24,
5c8a60aadee03a5fd72440e6,shown,5c617b8dea9407248fdd43a8,2019-03-14 00:00:00,2019-03-20,2019-03-18
5c83dd17dee03a5fd72440b0,sent,5c76bf8a4d9bb55da5dbd845,2019-03-09 00:00:00,2019-03-09,
5c83d916dee03a5fd72440af,shown,5c76bf8a4d9bb55da5dbd845,2019-03-09 00:00:00,2019-03-28,2019-03-27
5c83d8a5dee03a5fd72440ae,sent,5c76bf8a4d9bb55da5dbd845,2019-03-09 00:00:00,2019-03-09,
5c83d835dee03a5fd72440ad,sent,5c76bf8a4d9bb55da5dbd845,2019-03-09 00:00:00,2019-03-09,
5c83d7e5dee03a5fd72440ac,sent,5c76bf8a4d9bb55da5dbd845,2019-03-09 00:00:00,2019-03-09,
5c7fee94dee03a5fd72440a3,sent,5bfbb4448837de33a00d28d0,2019-03-06 00:00:00,2019-03-06,
5c7fee43dee03a5fd72440a2,sent,5bfbb4448837de33a00d28d0,2019-03-06 00:00:00,2019-03-06,
5c7fedf3dee03a5fd72440a1,sent,5bfbb4448837de33a00d28d0,2019-03-06 00:00:00,2019-03-06,
5c7feda2dee03a5fd72440a0,sent,5bfbb4448837de33a00d28d0,2019-03-06 00:00:00,2019-03-06,
5c7fed6bdee03a5fd724409f,sent,5bfbb4448837de33a00d28d0,2019-03-06 00:00:00,2019-03-06,
5c7fed21dee03a5fd724409e,sent,5bfbb4448837de33a00d28d0,2019-03-06 00:00:00,2019-03-06,
5c7e9395dee03a5fd7244097,shown,5c7e8c09dee03a5fd7244095,2019-03-05 00:00:00,2019-03-05,2019-03-05
5c7e92c0dee03a5fd7244096,sent,5c7e8c09dee03a5fd7244095,2019-03-05 00:00:00,2019-03-05,
5c7e7dcddee03a5fd7244091,shown,5c779f0cdee03a5fd7244051,2019-03-05 00:00:00,2019-06-07,2019-03-05
5c7e7db5dee03a5fd7244090,shown,5c779f0cdee03a5fd7244051,2019-03-05 00:00:00,2019-06-07,2019-03-06
5c7422a44d9bb55da5dbd842,shown,5c73c8324d9bb55da5dbd83c,2019-02-25 00:00:00,2019-03-05,2019-03-05
5c6696d9d97df86ce870d4d2,shown,5bfbca5f8837de33a00d28d4,2019-02-15 00:00:00,2019-02-16,2019-02-16
5c5d82adea9407248fdd4390,sent,5bfbb4448837de33a00d28d0,2019-02-08 00:00:00,2019-02-08,
5c5d8281ea9407248fdd438f,sent,5bfbb4448837de33a00d28d0,2019-02-08 00:00:00,2019-02-08,
5c5c6014ea9407248fdd4386,sent,5bfbca5f8837de33a00d28d4,2019-02-07 00:00:00,2019-02-07,
5c5c0d21ea9407248fdd4383,sent,5c5be0d4ea9407248fdd437e,2019-02-07 00:00:00,2019-02-07,
5c5bff6fea9407248fdd4381,sent,5bfbb4448837de33a00d28d0,2019-02-07 00:00:00,2019-02-07,
5c5bff6fea9407248fdd4380,shown,5bfbb4448837de33a00d28d0,2019-02-07 00:00:00,2019-03-06,2019-02-21
5c59ab93ea9407248fdd4375,sent,5c59a13dea9407248fdd436e,2019-02-05 00:00:00,2019-02-05,
5c59a8bbea9407248fdd4372,sent,5c59a13dea9407248fdd436e,2019-02-05 00:00:00,2019-02-05,
5c59a896ea9407248fdd4371,sent,5c59a13dea9407248fdd436e,2019-02-05 00:00:00,2019-02-05,
5c517805ea9407248fdd430e,sent,5c4afae2c4c39323bc6a57b1,2019-01-30 00:00:00,2019-01-30,
5c50857cc4c39323bc6a57ea,shown,5bfbca5f8837de33a00d28d4,2019-01-29 00:00:00,2019-01-29,2019-01-29
