_id,type,createdAt
615d8f078285f9631bc2db05,expert,2021-10-06
615e0a3c8285f9631bc2dc18,expert,2021-10-06
61600e068285f9631bc2dd69,expert,2021-10-08
616446ae8285f9631bc2df91,company,2021-10-11
6166ade0772fd30831cfebf5,expert,2021-10-13
618e29d73b46e1617ab35fbf,expert,2021-11-12
6192537c3503294815229c98,expert,2021-11-15
61931dab3503294815229d22,expert,2021-11-16
619e5d7a350329481522a4da,expert,2021-11-24
619f4fcf350329481522a534,expert,2021-11-25
61a4c9712314dc0c6f4acfd2,company,2021-11-29
61a640c72314dc0c6f4ad1e2,company,2021-11-30
61bcf8bb2314dc0c6f4ae32a,expert,2021-12-17
61c30102c9f6ca32ad4fe078,expert,2021-12-22
61cdb977ca71a24b561b7afd,expert,2021-12-30
61df1cc6f18aaa130b6cd002,expert,2022-01-12
61e6e1b841979a0867313dc6,expert,2022-01-18
61e7f05141979a0867313e73,expert,2022-01-19
6201346c95e32c4827f9b9e0,expert,2022-02-07
6202bcff95e32c4827f9bb49,expert,2022-02-08
621e1ed0240f4e2730b149dc,expert,2022-03-01
621f3fa0240f4e2730b14aff,expert,2022-03-02
622320e3316ade097cd53ad2,expert,2022-03-05
6241d186c60bd00898a38455,expert,2022-03-28
624a8c8cc60bd00898a38d5f,expert,2022-04-04
62593b54a6a5e0544be60cab,expert,2022-04-15
6262e05814c13d7d18f89ff2,company,2022-04-22
627b8c50f655943d90a6369b,expert,2022-05-11
6293ec571fbb047964271bf7,company,2022-05-29
62a6f7d3d57a952ac7f6dd76,company,2022-06-13
62ada99a1af84f2e05cd47b3,company,2022-06-18
62b5694ab92b4e1a8ec36631,expert,2022-06-24
62cbf526c43a1c07852b6ee9,expert,2022-07-11
62d9081ef5e6794d89e1dcc3,expert,2022-07-21
62d90833f5e6794d89e1dcc5,company,2022-07-21
631bad8e54f3b47232b1fb29,expert,2022-09-09
6321504717c00b0d682ddee6,expert,2022-09-14
6329beae22d1f03a8a691cb2,expert,2022-09-20
633af0bb1f9a8817f3781e59,expert,2022-10-03
635674550fd435728656c82b,expert,2022-10-24
6357f365623eed76be045a05,expert,2022-10-25
636eeee5231df95a4ccc054f,expert,2022-11-12
6389a8a5d10d072727c11b5b,expert,2022-12-02
63909b7366eff2145f4f2ef6,expert,2022-12-07
63a6db7e783ece5a08669223,expert,2022-12-24
63aecca9783ece5a08669aed,expert,2022-12-30
63bed7ace4ad45260849962f,expert,2023-01-11
63d0fc823d805d489fa396c7,expert,2023-01-25
63d19d2588160d0bd8626391,company,2023-01-25
63da77d0becf325848a4a19b,expert,2023-02-01
63dd27929db7350d41863dc2,expert,2023-02-03
63e26eb00836560f18738699,expert,2023-02-07
63edfe2fc21e125db591ce6f,company,2023-02-16
63edfe47c21e125db591ce70,expert,2023-02-16
63f3e845be74f3780363bdd4,company,2023-02-20
63f3e854be74f3780363bdd5,company,2023-02-20
63f4f81a3679985c6148ab4c,expert,2023-02-21
63f5f56aeae8bb0eff624f28,expert,2023-02-22
63f631b97eeabc22ed2a0c15,expert,2023-02-22
63f655857eeabc22ed2a0c68,expert,2023-02-22
64022d6ead121b1000e288bf,expert,2023-03-03
64106c6f0b432e1b36aca096,expert,2023-03-14
6414157d43068357ef842748,expert,2023-03-17
642e8e0a9f46956268c34a43,company,2023-04-06
6437037e8d41ed32e877051c,expert,2023-04-12
643703888d41ed32e877051d,company,2023-04-12
6454c30a8eb450085c332a70,expert,2023-05-05
645933e28eb450085c33305d,expert,2023-05-08
646b6e1e7818b449e7ace46d,expert,2023-05-22
646b6e547818b449e7ace46e,company,2023-05-22
6470bbfe822ca22d226b68b7,expert,2023-05-26
64917347be132659d9fe2249,expert,2023-06-20
64917390be132659d9fe224d,company,2023-06-20
6491d24cbe132659d9fe2395,expert,2023-06-20
649e8180e0843b7be97f4cc0,expert,2023-06-30
64a9495a0c73164841e4c8db,company,2023-07-08
65008544f95a870ce72f8720,expert,2023-09-12
6500856af95a870ce72f8721,company,2023-09-12
65046b3cf95a870ce72f948b,company,2023-09-15
65046b45f95a870ce72f948c,expert,2023-09-15
65046dfcf95a870ce72f94a1,expert,2023-09-15
650811d4f95a870ce72f9a54,expert,2023-09-18
65109c12fe291c3794b1efdb,expert,2023-09-24
