_id;type;createdAt
615d8f078285f9631bc2db05;expert;1.63352E+12
615e0a3c8285f9631bc2dc18;expert;1.63355E+12
61600e068285f9631bc2dd69;expert;1.63368E+12
616446ae8285f9631bc2df91;company;1.63396E+12
6166ade0772fd30831cfebf5;expert;1.63412E+12
618e29d73b46e1617ab35fbf;expert;1.63671E+12
6192537c3503294815229c98;expert;1.63698E+12
61931dab3503294815229d22;expert;1.63703E+12
619e5d7a350329481522a4da;expert;1.63777E+12
619f4fcf350329481522a534;expert;1.63783E+12
61a4c9712314dc0c6f4acfd2;company;1.63819E+12
61a640c72314dc0c6f4ad1e2;company;1.63829E+12
61bcf8bb2314dc0c6f4ae32a;expert;1.63977E+12
61c30102c9f6ca32ad4fe078;expert;1.64017E+12
61cdb977ca71a24b561b7afd;expert;1.64087E+12
61df1cc6f18aaa130b6cd002;expert;1.64201E+12
61e6e1b841979a0867313dc6;expert;1.64252E+12
61e7f05141979a0867313e73;expert;1.64259E+12
6201346c95e32c4827f9b9e0;expert;1.64425E+12
6202bcff95e32c4827f9bb49;expert;1.64435E+12
621e1ed0240f4e2730b149dc;expert;1.64614E+12
621f3fa0240f4e2730b14aff;expert;1.64622E+12
622320e3316ade097cd53ad2;expert;1.64647E+12
6241d186c60bd00898a38455;expert;1.64848E+12
624a8c8cc60bd00898a38d5f;expert;1.64905E+12
62593b54a6a5e0544be60cab;expert;1.65002E+12
6262e05814c13d7d18f89ff2;company;1.65065E+12
627b8c50f655943d90a6369b;expert;1.65226E+12
6293ec571fbb047964271bf7;company;1.65386E+12
62a6f7d3d57a952ac7f6dd76;company;1.65511E+12
62ada99a1af84f2e05cd47b3;company;1.65555E+12
62b5694ab92b4e1a8ec36631;expert;1.65606E+12
62cbf526c43a1c07852b6ee9;expert;1.65753E+12
62d9081ef5e6794d89e1dcc3;expert;1.65839E+12
62d90833f5e6794d89e1dcc5;company;1.65839E+12
631bad8e54f3b47232b1fb29;expert;1.66276E+12
6321504717c00b0d682ddee6;expert;1.66313E+12
6329beae22d1f03a8a691cb2;expert;1.66368E+12
633af0bb1f9a8817f3781e59;expert;1.66481E+12
635674550fd435728656c82b;expert;1.66661E+12
6357f365623eed76be045a05;expert;1.66671E+12
636eeee5231df95a4ccc054f;expert;1.66821E+12
6389a8a5d10d072727c11b5b;expert;1.66997E+12
63909b7366eff2145f4f2ef6;expert;1.67042E+12
63a6db7e783ece5a08669223;expert;1.67188E+12
63aecca9783ece5a08669aed;expert;1.6724E+12
63bed7ace4ad45260849962f;expert;1.67345E+12
63d0fc823d805d489fa396c7;expert;1.67464E+12
63d19d2588160d0bd8626391;company;1.67468E+12
63da77d0becf325848a4a19b;expert;1.67526E+12
63dd27929db7350d41863dc2;expert;1.67544E+12
63e26eb00836560f18738699;expert;1.67578E+12
63edfe2fc21e125db591ce6f;company;1.67654E+12
63edfe47c21e125db591ce70;expert;1.67654E+12
63f3e845be74f3780363bdd4;company;1.67693E+12
63f3e854be74f3780363bdd5;company;1.67693E+12
63f4f81a3679985c6148ab4c;expert;1.677E+12
63f5f56aeae8bb0eff624f28;expert;1.67706E+12
63f631b97eeabc22ed2a0c15;expert;1.67708E+12
63f655857eeabc22ed2a0c68;expert;1.67709E+12
64022d6ead121b1000e288bf;expert;1.67786E+12
64106c6f0b432e1b36aca096;expert;1.6788E+12
6414157d43068357ef842748;expert;1.67904E+12
642e8e0a9f46956268c34a43;company;1.68077E+12
6437037e8d41ed32e877051c;expert;1.68133E+12
643703888d41ed32e877051d;company;1.68133E+12
6454c30a8eb450085c332a70;expert;1.68328E+12
645933e28eb450085c33305d;expert;1.68357E+12
646b6e1e7818b449e7ace46d;expert;1.68476E+12
646b6e547818b449e7ace46e;company;1.68476E+12
6470bbfe822ca22d226b68b7;expert;1.68511E+12
64917347be132659d9fe2249;expert;1.68725E+12
64917390be132659d9fe224d;company;1.68725E+12
6491d24cbe132659d9fe2395;expert;1.68728E+12
649e8180e0843b7be97f4cc0;expert;1.68811E+12
64a9495a0c73164841e4c8db;company;1.68882E+12
65008544f95a870ce72f8720;expert;1.69453E+12
6500856af95a870ce72f8721;company;1.69453E+12
65046b3cf95a870ce72f948b;company;1.69479E+12
65046b45f95a870ce72f948c;expert;1.69479E+12
65046dfcf95a870ce72f94a1;expert;1.69479E+12
650811d4f95a870ce72f9a54;expert;1.69503E+12
65109c12fe291c3794b1efdb;expert;1.69559E+12